maturity_h,strike_kind,strike_TRY_MWh,ramp_variant,reference,occupancy_controlled,call_2d,call_1d,ramp_effect_TRY_MWh,ramp_effect_pct
24,ATM,2917.239114,fw4_ramp,base_1d_w9,True,198.844788,200.988393,-2.143605,-1.066532
24,ATM,2917.239114,fw9_ramp,production,False,198.230766,202.294561,-4.063795,-2.00885
24,ATM,2917.239114,fw9_ramp_matched,base_1d_w9,True,198.81232,200.988393,-2.176073,-1.082686
24,ladder,2000.0,fw4_ramp,base_1d_w9,True,926.712316,926.927975,-0.215659,-0.023266
24,ladder,2000.0,fw9_ramp,production,False,926.484037,927.108018,-0.623982,-0.067304
24,ladder,2000.0,fw9_ramp_matched,base_1d_w9,True,926.698545,926.927975,-0.229429,-0.024752
24,ladder,2500.0,fw4_ramp,base_1d_w9,True,477.675087,478.764277,-1.08919,-0.2275
24,ladder,2500.0,fw9_ramp,production,False,477.104438,479.533203,-2.428765,-0.506485
24,ladder,2500.0,fw9_ramp_matched,base_1d_w9,True,477.641639,478.764277,-1.122638,-0.234487
24,ladder,3000.0,fw4_ramp,base_1d_w9,True,160.585833,162.662835,-2.077003,-1.276876
24,ladder,3000.0,fw9_ramp,production,False,159.966413,163.935086,-3.968672,-2.42088
24,ladder,3000.0,fw9_ramp_matched,base_1d_w9,True,160.553139,162.662835,-2.109696,-1.296975
24,ladder,3500.0,fw4_ramp,base_1d_w9,True,35.458209,36.123576,-0.665368,-1.841921
24,ladder,3500.0,fw9_ramp,production,False,34.992186,36.635072,-1.642887,-4.484464
24,ladder,3500.0,fw9_ramp_matched,base_1d_w9,True,35.429803,36.123576,-0.693774,-1.920556
24,ladder,4000.0,fw4_ramp,base_1d_w9,True,5.373127,5.491344,-0.118217,-2.152783
24,ladder,4000.0,fw9_ramp,production,False,5.231752,5.589201,-0.357449,-6.395351
24,ladder,4000.0,fw9_ramp_matched,base_1d_w9,True,5.364886,5.491344,-0.126458,-2.302862
48,ATM,2916.698228,fw4_ramp,base_1d_w9,True,202.756887,204.4864,-1.729514,-0.845784
48,ATM,2916.698228,fw9_ramp,production,False,202.044729,205.774948,-3.730219,-1.812766
48,ATM,2916.698228,fw9_ramp_matched,base_1d_w9,True,202.703247,204.4864,-1.783153,-0.872016
48,ladder,2000.0,fw4_ramp,base_1d_w9,True,925.864743,926.031093,-0.16635,-0.017964
48,ladder,2000.0,fw9_ramp,production,False,925.615776,926.222993,-0.607217,-0.065558
48,ladder,2000.0,fw9_ramp_matched,base_1d_w9,True,925.846705,926.031093,-0.184389,-0.019912
48,ladder,2500.0,fw4_ramp,base_1d_w9,True,479.158656,480.052393,-0.893737,-0.186175
48,ladder,2500.0,fw9_ramp,production,False,478.539217,480.83869,-2.299473,-0.478221
48,ladder,2500.0,fw9_ramp_matched,base_1d_w9,True,479.11272,480.052393,-0.939674,-0.195744
48,ladder,3000.0,fw4_ramp,base_1d_w9,True,164.187143,165.865637,-1.678495,-1.01196
48,ladder,3000.0,fw9_ramp,production,False,163.475795,167.125044,-3.649248,-2.183544
48,ladder,3000.0,fw9_ramp_matched,base_1d_w9,True,164.133806,165.865637,-1.731832,-1.044117
48,ladder,3500.0,fw4_ramp,base_1d_w9,True,37.042607,37.57883,-0.536223,-1.426927
48,ladder,3500.0,fw9_ramp,production,False,36.54044,38.108002,-1.567562,-4.113472
48,ladder,3500.0,fw9_ramp_matched,base_1d_w9,True,37.005235,37.57883,-0.573595,-1.526378
48,ladder,4000.0,fw4_ramp,base_1d_w9,True,5.758704,5.848136,-0.089432,-1.529237
48,ladder,4000.0,fw9_ramp,production,False,5.603508,5.953405,-0.349896,-5.877247
48,ladder,4000.0,fw9_ramp_matched,base_1d_w9,True,5.747786,5.848136,-0.10035,-1.715928
72,ATM,2916.157342,fw4_ramp,base_1d_w9,True,202.588164,204.310306,-1.722142,-0.842905
72,ATM,2916.157342,fw9_ramp,production,False,201.874671,205.596818,-3.722147,-1.810411
72,ATM,2916.157342,fw9_ramp_matched,base_1d_w9,True,202.534148,204.310306,-1.776158,-0.869343
72,ladder,2000.0,fw4_ramp,base_1d_w9,True,924.34107,924.507042,-0.165972,-0.017952
72,ladder,2000.0,fw9_ramp,production,False,924.09169,924.699211,-0.60752,-0.065699
72,ladder,2000.0,fw9_ramp_matched,base_1d_w9,True,924.32295,924.507042,-0.184092,-0.019912
72,ladder,2500.0,fw4_ramp,base_1d_w9,True,478.228648,479.120576,-0.891928,-0.186159
72,ladder,2500.0,fw9_ramp,production,False,477.608542,479.907002,-2.29846,-0.478939
72,ladder,2500.0,fw9_ramp_matched,base_1d_w9,True,478.182491,479.120576,-0.938085,-0.195793
72,ladder,3000.0,fw4_ramp,base_1d_w9,True,163.828858,165.499633,-1.670775,-1.009534
72,ladder,3000.0,fw9_ramp,production,False,163.116301,166.756749,-3.640448,-2.183089
72,ladder,3000.0,fw9_ramp_matched,base_1d_w9,True,163.775159,165.499633,-1.724473,-1.04198
72,ladder,3500.0,fw4_ramp,base_1d_w9,True,36.953095,37.486473,-0.533378,-1.422855
72,ladder,3500.0,fw9_ramp,production,False,36.451191,38.014493,-1.563302,-4.112383
72,ladder,3500.0,fw9_ramp_matched,base_1d_w9,True,36.915625,37.486473,-0.570848,-1.522811
72,ladder,4000.0,fw4_ramp,base_1d_w9,True,5.74314,5.831974,-0.088834,-1.523228
72,ladder,4000.0,fw9_ramp,production,False,5.588155,5.936995,-0.348839,-5.875689
72,ladder,4000.0,fw9_ramp_matched,base_1d_w9,True,5.732207,5.831974,-0.099767,-1.710688
