valuation_date,delivery_month,horizon_months,n_delivery_hours,contract_name,quoted,near_term_anchored,forward_TRY_MWh,realized_TRY_MWh,realized_coverage,realized_n_hours,spot_at_valuation_TRY_MWh,ggf_quotation_date,ggf_staleness_days,bias_TRY_MWh,abs_error_TRY_MWh,sMAPE_pct,relative_bias_pct,realized_status
2022-12-31,2023-01,1,744,,False,True,3724.842109924838,3431.4889516129037,1.0,744,3475.27,2022-12-30,1,-293.3531583119343,293.3531583119343,8.198423348203766,-7.8755863914418045,ok
2022-12-31,2023-02,2,672,EBM0223,True,False,3974.409999999998,2802.7073065476193,1.0,672,3475.27,2022-12-30,1,-1171.7026934523788,1171.7026934523788,34.5782031047435,-29.481173141482113,ok
2022-12-31,2023-03,3,744,EBM0323,True,False,3953.849999999997,2126.2193413978493,1.0,744,3475.27,2022-12-30,1,-1827.6306586021478,1827.6306586021478,60.11874391491608,-46.224076750563356,ok
2022-12-31,2023-04,4,720,EBM0423,True,False,3876.4500000000035,1770.8197083333332,1.0,720,3475.27,2022-12-30,1,-2105.63029166667,2105.63029166667,74.57162134684368,-54.318520596594,ok
2022-12-31,2023-05,5,744,EBM0523,True,False,3452.869999999998,1907.2773118279567,1.0,744,3475.27,2022-12-30,1,-1545.5926881720413,1545.5926881720413,57.66978399125201,-44.76255081054434,ok
2022-12-31,2023-06,6,720,EBM0623,True,False,3476.459999999996,1623.916861111111,1.0,720,3475.27,2022-12-30,1,-1852.5431388888849,1852.5431388888849,72.64338261017488,-53.288205211303655,ok
2022-12-31,2023-07,7,744,EBM0723,True,False,3433.3300000000017,1977.3994086021507,1.0,744,3475.27,2022-12-30,1,-1455.930591397851,1455.930591397851,53.81642589936823,-42.405786551186466,ok
2023-06-30,2023-07,1,744,,False,True,2507.825559262555,1977.3994086021507,1.0,744,1932.0,2023-06-26,4,-530.4261506604043,530.4261506604043,23.652153658322558,-21.150839168270547,ok
2023-06-30,2023-08,2,744,EBM0823,True,False,3083.6499999999996,2251.0056451612904,1.0,744,1932.0,2023-06-26,4,-832.6443548387092,832.6443548387092,31.216423710270607,-27.001908609560402,ok
2023-06-30,2023-09,3,720,EBM0923,True,False,3224.6400000000012,2006.8421111111109,1.0,720,1932.0,2023-06-26,4,-1217.7978888888904,1217.7978888888904,46.55651545868491,-37.7653905207679,ok
2023-06-30,2023-10,4,744,EBM1023,True,False,4066.0299999999997,2249.8379704301074,1.0,744,1932.0,2023-06-26,4,-1816.1920295698924,1816.1920295698924,57.51203280603761,-44.667452762765954,ok
2023-06-30,2023-11,5,720,EBM1123,True,False,3366.79,2066.906972222222,1.0,720,1932.0,2023-06-26,4,-1299.883027777778,1299.883027777778,47.84525285171227,-38.60897257559212,ok
2023-06-30,2023-12,6,744,EBM1223,True,False,3639.5399999999972,2075.0002553763443,1.0,744,1932.0,2023-06-26,4,-1564.539744623653,1564.539744623653,54.756451952603044,-42.98729357621167,ok
2023-06-30,2024-01,7,744,EBM0124,True,False,3431.4900000000025,1942.9048655913978,1.0,744,1932.0,2023-06-26,4,-1488.5851344086047,1488.5851344086047,55.395450897700286,-43.38013907686176,ok
2023-12-31,2024-01,1,744,,False,True,2182.910511768139,1942.9048655913978,1.0,744,1345.15,2023-12-29,2,-240.00564617674104,240.00564617674104,11.634337662987782,-10.994754245896159,ok
2023-12-31,2024-02,2,696,EBM0224,True,False,3020.6499999999987,1957.6762356321842,1.0,696,1345.15,2023-12-29,2,-1062.9737643678145,1062.9737643678145,42.70406213074667,-35.190232710436995,ok
2023-12-31,2024-03,3,744,EBM0324,True,False,2811.779999999999,2190.1102016129034,1.0,744,1345.15,2023-12-29,2,-621.6697983870954,621.6697983870954,24.857394837920776,-22.10947507938372,ok
2023-12-31,2024-04,4,720,EBM0424,True,False,3171.6000000000026,1764.0365,1.0,720,1345.15,2023-12-29,2,-1407.5635000000027,1407.5635000000027,57.03675706264033,-44.380233951318,ok
2023-12-31,2024-05,5,744,EBM0524,True,False,3416.020000000001,2047.3150940860212,1.0,744,1345.15,2023-12-29,2,-1368.7049059139797,1368.7049059139797,50.105105483849314,-40.0672392408118,ok
2023-12-31,2024-06,6,720,EBM0624,True,False,2908.500000000002,2095.2285833333335,1.0,720,1345.15,2023-12-29,2,-813.2714166666683,813.2714166666683,32.5066159413823,-27.96188470574756,ok
2023-12-31,2024-07,7,744,EBM0724,True,False,2372.88,2588.8342876344086,1.0,744,1345.15,2023-12-29,2,215.9542876344085,215.9542876344085,8.704825595162143,9.100935893699154,ok
2024-06-30,2024-07,1,744,,False,True,2676.4288540589123,2588.8342876344086,1.0,744,2424.99,2024-06-28,2,-87.59456642450368,87.59456642450368,3.3272626293216208,-3.272815053225233,ok
2024-06-30,2024-08,2,744,EBM0824,True,False,2927.8500000000045,2574.1480241935487,1.0,744,2424.99,2024-06-28,2,-353.7019758064557,353.7019758064557,12.857219295650294,-12.080604395937469,ok
2024-06-30,2024-09,3,720,EBM0924,True,False,2610.2600000000016,2395.7768055555557,1.0,720,2424.99,2024-06-28,2,-214.48319444444587,214.48319444444587,8.568981922243102,-8.216928368991814,ok
2024-06-30,2024-10,4,744,EBM1024,True,False,2489.069999999999,2335.7127150537635,1.0,744,2424.99,2024-06-28,2,-153.35728494623527,153.35728494623527,6.357064929276361,-6.161228287924218,ok
2024-06-30,2024-11,5,720,EBM1124,True,False,2744.0200000000013,2463.135875,1.0,720,2424.99,2024-06-28,2,-280.8841250000014,280.8841250000014,10.788389352757807,-10.236227323416056,ok
2024-06-30,2024-12,6,744,EBM1224,True,False,2754.7700000000004,2446.216182795699,1.0,744,2424.99,2024-06-28,2,-308.5538172043016,308.5538172043016,11.86520426548966,-11.200710665656354,ok
2024-06-30,2025-01,7,744,EBM0125,True,False,2331.480000000001,2508.796370967742,1.0,744,2424.99,2024-06-28,2,177.31637096774102,177.31637096774102,7.326704401893035,7.6053138336053046,ok
2024-12-31,2025-01,1,744,,False,True,2158.935962480037,2508.796370967742,1.0,744,1984.0,2024-12-31,0,349.8604084877052,349.8604084877052,14.99059429696492,16.205223988478547,ok
2024-12-31,2025-02,2,672,EBM0225,True,False,2333.8800000000006,2478.279702380952,1.0,672,1984.0,2024-12-31,0,144.39970238095157,144.39970238095157,6.001450962215809,6.1871091221892955,ok
2024-12-31,2025-03,3,744,EBM0325,True,False,2534.7999999999947,2183.8270967741933,1.0,744,1984.0,2024-12-31,0,-350.9729032258015,350.9729032258015,14.87606017715358,-13.846177340452984,ok
2024-12-31,2025-04,4,720,EBM0425,True,False,1963.2800000000009,2452.6653333333334,1.0,720,1984.0,2024-12-31,0,489.3853333333325,489.3853333333325,22.16446520020322,24.92692500984741,ok
2024-12-31,2025-05,5,744,EBM0525,True,False,2278.55,2458.150564516129,1.0,744,1984.0,2024-12-31,0,179.600564516129,179.600564516129,7.583361543330988,7.882230564004696,ok
2024-12-31,2025-06,6,720,EBM0625,True,False,2331.8799999999983,2202.225513888889,1.0,720,1984.0,2024-12-31,0,-129.65448611110924,129.65448611110924,5.719076704939979,-5.560083971349698,ok
2024-12-31,2025-07,7,744,EBM0725,True,False,2588.830000000001,2965.1591532258067,1.0,744,1984.0,2024-12-31,0,376.32915322580584,376.32915322580584,13.55167044239654,14.536649885307485,ok
2025-06-30,2025-07,1,744,,False,True,2878.5773541053995,2965.1591532258067,1.0,744,3155.0,2025-06-30,0,86.58179912040714,86.58179912040714,2.9632341914043088,3.007798244397532,ok
2025-06-30,2025-08,2,744,EBM0825,True,False,2602.150000000003,2939.238629032258,1.0,744,3155.0,2025-06-30,0,337.0886290322551,337.0886290322551,12.166215062635798,12.95423511451126,ok
2025-06-30,2025-09,3,720,EBM0925,True,False,2421.8400000000015,2729.022402777778,1.0,720,3155.0,2025-06-30,0,307.1824027777766,307.1824027777766,11.927416372532798,12.683843803792834,ok
2025-06-30,2025-10,4,744,EBM1025,True,False,2445.38,2739.5005241935482,1.0,744,3155.0,2025-06-30,0,294.12052419354814,294.12052419354814,11.345315396222958,12.027599971928622,ok
2025-06-30,2025-11,5,720,EBM1125,True,False,2578.8000000000025,2784.098125,1.0,720,3155.0,2025-06-30,0,205.29812499999753,205.29812499999753,7.6562381091286325,7.960994454785068,ok
2025-06-30,2025-12,6,744,EBM1225,True,False,2561.08,2973.042002688172,1.0,744,3155.0,2025-06-30,0,411.9620026881721,411.9620026881721,14.888070862480575,16.08547966827167,ok
2025-06-30,2026-01,7,744,EBM0126,True,False,2508.7999999999997,2894.9206989247314,1.0,744,3155.0,2025-06-30,0,386.12069892473164,386.12069892473164,14.290919921215192,15.390652858925847,ok
2025-12-31,2026-01,1,744,,False,True,2909.3936686005422,2894.9206989247314,1.0,744,2917.78,2025-12-31,0,-14.472969675810873,14.472969675810873,0.4986969608946789,-0.49745656052013637,ok
2025-12-31,2026-02,2,672,EBM0226,True,False,2900.989999999996,2078.195,1.0,672,2917.78,2025-12-31,0,-822.794999999996,822.794999999996,33.04938458803987,-28.36255898848314,ok
2025-12-31,2026-03,3,744,EBM0326,True,False,2556.3099999999963,1620.3242876344086,1.0,744,2917.78,2025-12-31,0,-935.9857123655877,935.9857123655877,44.82009426282418,-36.61471857347462,ok
2025-12-31,2026-04,4,720,EBM0426,True,False,2500.6600000000035,921.0565694444444,1.0,720,2917.78,2025-12-31,0,-1579.603430555559,1579.603430555559,92.32812820683301,-63.16746101251498,ok
2025-12-31,2026-05,5,744,EBM0526,True,False,2506.2499999999964,590.8999865591397,1.0,744,2917.78,2025-12-31,0,-1915.3500134408566,1915.3500134408566,123.68467925370108,-76.42294317968516,ok
2025-12-31,2026-06,6,720,EBM0626,True,False,2245.33,1240.1615833333335,1.0,720,2917.78,2025-12-31,0,-1005.1684166666664,1005.1684166666664,57.67728268076197,-44.7670683893533,ok
2025-12-31,2026-07,7,744,EBM0726,True,False,3558.1900000000037,2699.6135080645163,1.0,744,2917.78,2025-12-31,0,-858.5764919354874,858.5764919354874,27.440186986664816,-24.129585321061736,ok
