run,family,tvtp,path,maturity_h,strike,call_pde,put_pde,parity_error,forward_T,residual_sd_T,grid_x_min,grid_x_max,n_space_nodes,n_time_steps,p_stress_at_expiry,mean_p_stress,mean_q01_per_hour,mean_q10_per_hour,mean_p01_one_hour,mean_p10_one_hour,min_s,max_s,n_nodes_s_ge_0.95,expected_transitions,call_mc,call_mc_se,put_mc,put_mc_se,call_mc_mean_matched,put_mc_mean_matched,mc_mean_residual_T,mc_mean_residual_T_se,ode_mean_residual_T,mc_residual_sd_T,ode_residual_sd_T_mc_grid,mc_p_stress_T,mc_p_stress_T_se,ode_p_stress_T_mc_grid,mc_n_paths,mc_dt_hours,mc_seed,call_z,put_z,call_mc_minus_pde_pct,call_z_mean_matched,put_z_mean_matched
R0,ladder,1D,base,24.0,2000.0,927.118538790729,10.884067539004567,1.1809481748059625e-07,2917.239114093482,524.0800240935787,-4520.545417558372,4686.067189371408,1201.0,96.0,0.5984844174723487,0.6115554229830812,0.34223970468425363,0.1679459513514762,0.2617682943895747,0.13182254100286295,0.31094278296331646,0.5393931715784452,0.0,5.469008838984376,926.9341847145834,2.480656150873266,10.83165275548984,0.3539909062596838,927.0606715475152,10.82620041388568,-0.13208384466909265,2.606888423402071,0.0,521.3776846804142,524.0644637234972,0.595025,0.0024544360318360303,0.5984516339333544,40000,0.05,20260808,-0.07431665855048533,-0.14806816386485533,-0.019884628387012437,-0.023327393920915908,-0.1634706544592332
R0,ladder,1D,base,24.0,2500.0,479.5678232538277,62.785706995294674,5.3724193094240036e-08,2917.239114093482,524.0800240935787,-4520.545417558372,4686.067189371408,1201.0,96.0,0.5984844174723487,0.6115554229830812,0.34223970468425363,0.1679459513514762,0.2617682943895747,0.13182254100286295,0.31094278296331646,0.5393931715784452,0.0,5.469008838984376,478.5599599277058,2.1247833265553395,61.90978289743291,0.8859289648117202,478.6662398822572,61.884123677448294,-0.13208384466909265,2.606888423402071,0.0,521.3776846804142,524.0644637234972,0.595025,0.0024544360318360303,0.5984516339333544,40000,0.05,20260808,-0.4743369893418098,-0.9887069196884382,-0.21016074833454246,-0.4243177929262949,-1.0176699867104892
R0,ladder,1D,base,24.0,3000.0,163.95588575181733,246.6261244864849,-1.065578203451878e-08,2917.239114093482,524.0800240935787,-4520.545417558372,4686.067189371408,1201.0,96.0,0.5984844174723487,0.6115554229830812,0.34223970468425363,0.1679459513514762,0.2617682943895747,0.13182254100286295,0.31094278296331646,0.5393931715784452,0.0,5.469008838984376,162.5721876196147,1.404663538698338,245.37436551816262,1.677291453675761,162.62871029617307,245.29894902018484,-0.13208384466909265,2.606888423402071,0.0,521.3776846804142,524.0644637234972,0.595025,0.0024544360318360303,0.5984516339333544,40000,0.05,20260808,-0.9850744282042507,-0.7462978277144856,-0.8439453855881407,-0.9448351288979294,-0.7912610914409596
R0,ladder,1D,base,24.0,3500.0,36.660127794105414,618.7827215219698,-7.503194865421392e-08,2917.239114093482,524.0800240935787,-4520.545417558372,4686.067189371408,1201.0,96.0,0.5984844174723487,0.6115554229830812,0.34223970468425363,0.1679459513514762,0.2617682943895747,0.13182254100286295,0.31094278296331646,0.5393931715784452,0.0,5.469008838984376,35.81772021311458,0.6650563354978314,618.072253040483,2.2873049551678037,35.83382023882939,617.9564138916619,-0.13208384466909265,2.606888423402071,0.0,521.3776846804142,524.0644637234972,0.595025,0.0024544360318360303,0.5984516339333544,40000,0.05,20260808,-1.2666710112012416,-0.3106137989521846,-2.2978850093541725,-1.2424624970416789,-0.3612581822292826
R0,ladder,1D,base,24.0,4000.0,5.595205263083138,1087.170153984141,-1.3940461940364912e-07,2917.239114093482,524.0800240935787,-4520.545417558372,4686.067189371408,1201.0,96.0,0.5984844174723487,0.6115554229830812,0.34223970468425363,0.1679459513514762,0.2617682943895747,0.13182254100286295,0.31094278296331646,0.5393931715784452,0.0,5.469008838984376,5.456925392746717,0.24302460184924113,1087.163813148936,2.53481588050784,5.45985774090078,1087.034806322554,-0.13208384466909265,2.606888423402071,0.0,521.3776846804142,524.0644637234972,0.595025,0.0024544360318360303,0.5984516339333544,40000,0.05,20260808,-0.5689953580181257,-0.002501497348898968,-2.4713994185125654,-0.556929303257619,-0.05339546064384422
R0,ladder,1D,base,72.0,2000.0,924.7105768543349,11.560312389955078,4.719022399513051e-07,2916.15734228052,532.257021906756,-4568.552579594436,4736.237895033397,1201.0,144.0,0.6008194254031215,0.6395856768166688,0.34232280833173,0.16794549625913613,0.2618283759636603,0.13181697339093773,0.31094278296331646,0.5393931715784452,0.0,16.022570147955047,919.073845825984,2.5256662418218596,11.443705100039336,0.3606649127542204,924.3454935814926,11.195229589014895,-5.53830148262359,2.6610848345724953,0.0,532.216966914499,532.2749014423089,0.6007,0.002448772702804407,0.5984541951129102,40000,0.05,20260808,-2.2317798508028313,-0.32331198792050175,-0.6095670547562992,-0.14454929428005098,-1.0122492874403144
R0,ladder,1D,base,72.0,2500.0,479.9470833673771,65.15568278074863,2.1436858332890552e-07,2916.15734228052,532.257021906756,-4568.552579594436,4736.237895033397,1201.0,144.0,0.6008194254031215,0.6395856768166688,0.34232280833173,0.16794549625913613,0.2618283759636603,0.13181697339093773,0.31094278296331646,0.5393931715784452,0.0,16.022570147955047,475.1933691038217,2.1549988499649575,65.92209199809477,0.9080839957286868,479.57986280847257,64.78846243621273,-5.53830148262359,2.6610848345724953,0.0,532.216966914499,532.2749014423089,0.6007,0.002448772702804407,0.5984541951129102,40000,0.05,20260808,-2.205901067479792,0.8439849407665602,-0.9904663302051309,-0.17040406258708962,-0.40439028356758444
R0,ladder,1D,base,72.0,3000.0,166.783189250603,250.35065254174344,-4.3182566855648474e-08,2916.15734228052,532.257021906756,-4568.552579594436,4736.237895033397,1201.0,144.0,0.6008194254031215,0.6395856768166688,0.34232280833173,0.16794549625913613,0.2618283759636603,0.13181697339093773,0.31094278296331646,0.5393931715784452,0.0,16.022570147955047,165.14850722288227,1.4207791534649632,254.23609373737304,1.707911396643358,167.51577829172572,251.08324153968357,-5.53830148262359,2.6610848345724953,0.0,532.216966914499,532.2749014423089,0.6007,0.002448772702804407,0.5984541951129102,40000,0.05,20260808,-1.1505532184464347,2.274966490220655,-0.9801239771620507,0.5156248522763831,0.4289385265417866
R0,ladder,1D,base,72.0,3500.0,38.04437111375552,619.9706982826707,-3.00739429803798e-07,2916.15734228052,532.257021906756,-4568.552579594436,4736.237895033397,1201.0,144.0,0.6008194254031215,0.6395856768166688,0.34232280833173,0.16794549625913613,0.2618283759636603,0.13181697339093773,0.31094278296331646,0.5393931715784452,0.0,16.022570147955047,37.07489188356141,0.6786304767171303,624.52134201827,2.327378668289016,37.770814305100174,619.6971411732758,-5.53830148262359,2.6610848345724953,0.0,532.216966914499,532.2749014423089,0.6007,0.002448772702804407,0.5984541951129102,40000,0.05,20260808,-1.4285819211715216,1.9552657234522044,-2.5482855986639574,-0.4031012724018405,-0.11753871990071199
R0,ladder,1D,base,72.0,4000.0,5.943457817894249,1086.2286488645784,-5.582905941992067e-07,2916.15734228052,532.257021906756,-4568.552579594436,4736.237895033397,1201.0,144.0,0.6008194254031215,0.6395856768166688,0.34232280833173,0.16794549625913613,0.2618283759636603,0.13181697339093773,0.31094278296331646,0.5393931715784452,0.0,16.022570147955047,5.756188920745509,0.2495773442201246,1091.5615026756718,2.5804077929977636,5.888355623129586,1086.1735461115227,-5.53830148262359,2.6610848345724953,0.0,532.216966914499,532.2749014423089,0.6007,0.002448772702804407,0.5984541951129102,40000,0.05,20260808,-0.7503441377418077,2.0666709446331386,-3.1508408553842293,-0.220782038276933,-0.02135428098041813
R0,ladder,1D,base,168.0,2000.0,918.576845984363,11.567681511023773,4.6326556457643164e-07,2913.9937986554623,531.8703097245941,-4563.731592998991,4735.743995688066,1201.0,336.0,0.6008194254031223,0.6475609977635478,0.3423365672120944,0.16794533521079374,0.26183862332694297,0.13181597373344908,0.31094278296331646,0.5393931715784452,0.0,37.1214285411764,921.4674864719075,2.509055237548974,10.82600558232621,0.34910059259658943,917.9919574134932,10.982793403419555,3.6602883789437155,2.6500867238175028,0.0,530.0173447635005,531.8881865427875,0.5962,0.002453291462505016,0.5984541951129094,40000,0.05,20260808,1.1520832400518508,-2.1245335712008417,0.31468684413080705,-0.23311107787373977,-1.6754142502419012
R0,ladder,1D,base,168.0,2500.0,476.02692891316354,65.19682266077628,2.098493609992147e-07,2913.9937986554623,531.8703097245941,-4563.731592998991,4735.743995688066,1201.0,336.0,0.6008194254031223,0.6475609977635478,0.3423365672120944,0.16794533521079374,0.26183862332694297,0.13181597373344908,0.31094278296331646,0.5393931715784452,0.0,37.1214285411764,478.12417093019104,2.1460339117194804,63.661748008145565,0.8880438408260656,475.2194818738175,64.3893758312796,3.6602883789437155,2.6500867238175028,0.0,530.0173447635005,531.8881865427875,0.5962,0.002453291462505016,0.5984541951129094,40000,0.05,20260808,0.9772641548553679,-1.7286023302664575,0.44057213776032,-0.37625082946574545,-0.9092420805999734
R0,ladder,1D,base,168.0,3000.0,164.98670696333116,250.33565893191536,-4.3586410924945085e-08,2913.9937986554623,531.8703097245941,-4563.731592998991,4735.743995688066,1201.0,336.0,0.6008194254031223,0.6475609977635478,0.3423365672120944,0.16794533521079374,0.26183862332694297,0.13181597373344908,0.31094278296331646,0.5393931715784452,0.0,37.1214285411764,165.59912283769887,1.4267170987603948,247.31575788318906,1.683061491089468,164.04461484984756,249.3935667748454,3.6602883789437155,2.6500867238175028,0.0,530.0173447635005,531.8881865427875,0.5962,0.002453291462505016,0.5984541951129094,40000,0.05,20260808,0.42924828958720074,-1.7942903837526905,0.37119104056293484,-0.6603215972543783,-0.5597491012999983
R0,ladder,1D,base,168.0,3500.0,37.52483205377093,619.0528422433496,-2.9704506232519634e-07,2913.9937986554623,531.8703097245941,-4563.731592998991,4735.743995688066,1201.0,336.0,0.6008194254031223,0.6475609977635478,0.3423365672120944,0.16794533521079374,0.26183862332694297,0.13181597373344908,0.31094278296331646,0.5393931715784452,0.0,37.1214285411764,37.956680172001576,0.6861968622656763,615.8523731850274,2.297031030322225,37.49891908248285,619.0269289750163,3.6602883789437155,2.6500867238175028,0.0,530.0173447635005,531.8881865427875,0.5962,0.002453291462505016,0.5984541951129094,40000,0.05,20260808,0.6293356061185944,-1.393306845259806,1.1508329140869522,-0.0377631736795183,-0.011281200815841212
R0,ladder,1D,base,168.0,4000.0,5.8419436802157865,1083.5490120907714,-5.504864475369686e-07,2913.9937986554623,531.8703097245941,-4563.731592998991,4735.743995688066,1201.0,336.0,0.6008194254031223,0.6475609977635478,0.3423365672120944,0.16794533521079374,0.26183862332694297,0.13181597373344908,0.31094278296331646,0.5393931715784452,0.0,37.1214285411764,5.915211352589902,0.2527973374533555,1079.9899623331514,2.5559146235244152,5.825748646079205,1083.5328165061485,3.6602883789437155,2.6500867238175028,0.0,530.0173447635005,531.8881865427875,0.5962,0.002453291462505016,0.5984541951129094,40000,0.05,20260808,0.2898277059094216,-1.3924759946450387,1.2541660170782398,-0.06406330976317938,-0.0063365123677564614
R0,ladder,1D,base,336.0,2000.0,907.9297938096574,11.580443254500896,4.484701321416651e-07,2910.2075973139417,531.1857144315111,-4555.247628921624,4734.83243429374,1201.0,672.0,0.6008194254031234,0.6505517431186282,0.342341726792231,0.16794527481766539,0.26184246608817396,0.13181559886189081,0.31094278296331646,0.5393931715784452,0.0,74.04443072931383,910.5998279759174,2.4801103310058497,11.26701204167273,0.3703299769557668,907.7460442284545,11.396694121768078,3.029592493425384,2.648210186300696,0.0,529.6420372601392,531.2035682698034,0.59355,0.002455852181524776,0.5984541951129093,40000,0.05,20260808,1.076578784774088,-0.8463565801631079,0.2940793643368078,-0.07408927695907684,-0.49617677251864717
R0,ladder,1D,base,336.0,2500.0,469.2286664518409,65.26663127416066,2.020960323534382e-07,2910.2075973139417,531.1857144315111,-4555.247628921624,4734.83243429374,1201.0,672.0,0.6008194254031234,0.6505517431186282,0.342341726792231,0.16794527481766539,0.26184246608817396,0.13181559886189081,0.31094278296331646,0.5393931715784452,0.0,74.04443072931383,471.09034856033134,2.117065217084897,64.14484775718898,0.8989924865445513,468.71242947794315,64.75039450235886,3.029592493425384,2.648210186300696,0.0,529.6420372601392,531.2035682698034,0.59355,0.002455852181524776,0.5984541951129093,40000,0.05,20260808,0.8793692766129639,-1.247823017168323,0.39675370274536714,-0.24384556967433005,-0.5742392506371824
R0,ladder,1D,base,336.0,3000.0,161.87875753218557,250.30403773194436,-4.424077815201599e-08,2910.2075973139417,531.1857144315111,-4555.247628921624,4734.83243429374,1201.0,672.0,0.6008194254031234,0.6505517431186282,0.342341726792231,0.16794527481766539,0.26184246608817396,0.13181559886189081,0.31094278296331646,0.5393931715784452,0.0,74.04443072931383,162.40500869835216,1.3972977698944948,247.84682302631202,1.6840491935204742,161.131478931265,249.55675908678302,3.029592493425384,2.648210186300696,0.0,529.6420372601392,531.2035682698034,0.59355,0.002455852181524776,0.5984541951129093,40000,0.05,20260808,0.3766206298363474,-1.459111001677793,0.3250896993461039,-0.534802686314307,-0.4437392019405158
R0,ladder,1D,base,336.0,3500.0,36.62892966440698,617.4415252416305,-2.9060333872621413e-07,2910.2075973139417,531.1857144315111,-4555.247628921624,4734.83243429374,1201.0,672.0,0.6008194254031234,0.6505517431186282,0.342341726792231,0.16794527481766539,0.26184246608817396,0.13181559886189081,0.31094278296331646,0.5393931715784452,0.0,74.04443072931383,36.41321728401321,0.6635933264537984,614.2423467430754,2.289624481983503,36.04505674738676,616.8576520340071,3.029592493425384,2.648210186300696,0.0,529.6420372601392,531.2035682698034,0.59355,0.002455852181524776,0.5984541951129093,40000,0.05,20260808,-0.325067133430242,-1.397250301841514,-0.5889125955088614,-0.8798655648639558,-0.2550082828943458
R0,ladder,1D,base,336.0,4000.0,5.6678759749423095,1078.8677869296205,-5.369556674850173e-07,2910.2075973139417,531.1857144315111,-4555.247628921624,4734.83243429374,1201.0,672.0,0.6008194254031234,0.6505517431186282,0.342341726792231,0.16794527481766539,0.26184246608817396,0.13181559886189081,0.31094278296331646,0.5393931715784452,0.0,74.04443072931383,5.42116944505792,0.2387878491589654,1075.6376140352224,2.5401778909502792,5.350243697839621,1078.550154115562,3.029592493425384,2.648210186300696,0.0,529.6420372601392,531.2035682698034,0.59355,0.002455852181524776,0.5984541951129093,40000,0.05,20260808,-1.0331619919242723,-1.2716325521554839,-4.35271574351802,-1.33018609707915,-0.12504353147473612
R1,ladder,1D,base,24.0,2000.0,926.938436753571,10.703965501875649,1.1806571365013951e-07,2917.239114093482,521.3371133002718,-4520.545417558372,4686.067189371408,1201.0,96.0,0.59155510189457,0.6057628710941897,0.33361088383699383,0.16796314853133523,0.2562667602965931,0.13235405488621171,0.30729242822727465,0.53262899530503,0.0,5.415267421229785,925.7965382073638,2.466743669495994,10.694134892656106,0.35101772801096626,926.882361550738,10.647890417108487,-1.1333091212305269,2.5918695182382523,0.0,518.3739036476504,521.3211400993792,0.5884,0.002460616995795973,0.5915219065966043,40000,0.05,20260808,-0.4629173919965684,-0.028006019169596306,-0.12319033292075288,-0.02273248068958415,-0.15975000774151837
R1,ladder,1D,base,24.0,2500.0,478.79923896444836,62.01712270593213,5.3707367442257237e-08,2917.239114093482,521.3371133002718,-4520.545417558372,4686.067189371408,1201.0,96.0,0.59155510189457,0.6057628710941897,0.33361088383699383,0.16796314853133523,0.2562667602965931,0.13235405488621171,0.30729242822727465,0.53262899530503,0.0,5.415267421229785,477.0706842628237,2.1120871557958556,61.42063587693656,0.8814940636252414,477.983964951637,61.20184874682812,-1.1333091212305269,2.5918695182382523,0.0,518.3739036476504,521.3211400993792,0.5884,0.002460616995795973,0.5915219065966043,40000,0.05,20260808,-0.8184106876845822,-0.6766770799822013,-0.361018681935088,-0.38600396322383507,-0.924877424302902
R1,ladder,1D,base,24.0,3000.0,162.68382808143141,245.35406681609652,-1.0653309345798334e-08,2917.239114093482,521.3371133002718,-4520.545417558372,4686.067189371408,1201.0,96.0,0.59155510189457,0.6057628710941897,0.33361088383699383,0.16796314853133523,0.2562667602965931,0.13235405488621171,0.30729242822727465,0.53262899530503,0.0,5.415267421229785,160.82322072488458,1.393144075001975,244.62552726781814,1.6718573370517456,161.30670614494574,243.9769448689575,-1.1333091212305269,2.5918695182382523,0.0,518.3739036476504,521.3211400993792,0.5884,0.002460616995795973,0.5915219065966043,40000,0.05,20260808,-1.335545540431056,-0.4357665765687446,-1.1436953374465153,-0.988499295368088,-0.8237078108396001
R1,ladder,1D,base,24.0,3500.0,36.14874042156657,618.2713341494103,-7.501125764974859e-08,2917.239114093482,521.3371133002718,-4520.545417558372,4686.067189371408,1201.0,96.0,0.59155510189457,0.6057628710941897,0.33361088383699383,0.16796314853133523,0.2562667602965931,0.13235405488621171,0.30729242822727465,0.53262899530503,0.0,5.415267421229785,35.00270718415671,0.6555458629204828,618.257368655911,2.278437687027769,35.13925888018414,617.2618525330166,-1.1333091212305269,2.5918695182382523,0.0,518.3739036476504,521.3211400993792,0.5884,0.002460616995795973,0.5915219065966043,40000,0.05,20260808,-1.7482121423270622,-0.006129416476397578,-3.170326888419406,-1.5399098651696994,-0.4430586897948421
R1,ladder,1D,base,24.0,4000.0,5.497293150215843,1087.072241871249,-1.393798356730258e-07,2917.239114093482,521.3371133002718,-4520.545417558372,4686.067189371408,1201.0,96.0,0.59155510189457,0.6057628710941897,0.33361088383699383,0.16796314853133523,0.2562667602965931,0.13235405488621171,0.30729242822727465,0.53262899530503,0.0,5.415267421229785,5.256018196900119,0.23819364799627665,1087.963034597475,2.5219870673990656,5.28049139966701,1086.8554399813202,-1.1333091212305269,2.5918695182382523,0.0,518.3739036476504,521.3211400993792,0.5884,0.002460616995795973,0.5915219065966043,40000,0.05,20260808,-1.0129361355576343,0.3532106638217854,-4.388977388012327,-0.9101911506566375,-0.08596471121176805
R1,ladder,1D,base,72.0,2000.0,924.5183636309273,11.368099166889499,4.7156026994343847e-07,2916.15734228052,529.5053026079554,-4568.552579594436,4736.237895033397,1201.0,144.0,0.5938927737881233,0.6338475226971769,0.33369198713624315,0.1679625386504006,0.2563257920930969,0.1323484684076164,0.30729242822727465,0.53262899530503,0.0,15.876510747039692,919.5013362682577,2.5118778725923696,11.239919199740035,0.3565214614549222,924.1727067366519,11.022442744174246,-4.904946295573037,2.645614981901281,0.0,529.1229963802562,529.5287192945414,0.594775,0.002454677674232403,0.591525014631417,40000,0.05,20260808,-1.9973213735474495,-0.3595294561689961,-0.5426638950648766,-0.1376089570464165,-0.9695248676045187
R1,ladder,1D,base,72.0,2500.0,479.1610962439342,64.3696956574653,2.1420902385216323e-07,2916.15734228052,529.5053026079554,-4568.552579594436,4736.237895033397,1201.0,144.0,0.5938927737881233,0.6338475226971769,0.33369198713624315,0.1679625386504006,0.2563257920930969,0.1323484684076164,0.30729242822727465,0.53262899530503,0.0,15.876510747039692,474.7642601190455,2.145309551216979,64.86170667074569,0.9007299161215344,478.66141480465535,63.870014432395514,-4.904946295573037,2.645614981901281,0.0,529.1229963802562,529.5287192945414,0.594775,0.002454677674232403,0.591525014631417,40000,0.05,20260808,-2.049511280269312,0.546235896548154,-0.9176112500273503,-0.2329181068510084,-0.5547514478273022
R1,ladder,1D,base,72.0,3000.0,165.52640621614682,249.09386950726065,-4.3155935713912186e-08,2916.15734228052,529.5053026079554,-4568.552579594436,4736.237895033397,1201.0,144.0,0.5938927737881233,0.6338475226971769,0.33369198713624315,0.1679625386504006,0.2563257920930969,0.1323484684076164,0.30729242822727465,0.53262899530503,0.0,15.876510747039692,163.90835553138234,1.4144002389301875,252.36466570330015,1.698409062681465,166.0010315698419,249.56849481779983,-4.904946295573037,2.645614981901281,0.0,529.1229963802562,529.5287192945414,0.594775,0.002454677674232403,0.591525014631417,40000,0.05,20260808,-1.1439836053678352,1.9258000136171747,-0.9775181626619833,0.33556651125431647,0.27945288385934447
R1,ladder,1D,base,72.0,3500.0,37.51650341631737,619.442830585009,-3.005159214808373e-07,2916.15734228052,529.5053026079554,-4568.552579594436,4736.237895033397,1201.0,144.0,0.5938927737881233,0.6338475226971769,0.33369198713624315,0.1679625386504006,0.2563257920930969,0.1323484684076164,0.30729242822727465,0.53262899530503,0.0,15.876510747039692,36.590016393744015,0.6746456846748564,623.4051901858796,2.3146730513602103,37.200039303892005,619.1263661720676,-4.904946295573037,2.645614981901281,0.0,529.1229963802562,529.5287192945414,0.594775,0.002454677674232403,0.591525014631417,40000,0.05,20260808,-1.3732942248342883,1.711844184016468,-2.469545235312065,-0.46908194866448133,-0.13672099943248173
R1,ladder,1D,base,72.0,4000.0,5.838387197093728,1086.123578243376,-5.578888249146985e-07,2916.15734228052,529.5053026079554,-4568.552579594436,4736.237895033397,1201.0,144.0,0.5938927737881233,0.6338475226971769,0.33369198713624315,0.1679625386504006,0.2563257920930969,0.1323484684076164,0.30729242822727465,0.53262899530503,0.0,15.876510747039692,5.6766694405554645,0.2483937170037076,1090.8507068529086,2.565556437067285,5.792221963194722,1086.0774124515883,-4.904946295573037,2.645614981901281,0.0,529.1229963802562,529.5287192945414,0.594775,0.002454677674232403,0.591525014631417,40000,0.05,20260808,-0.6510541348992721,1.8425354208681088,-2.7699046171306474,-0.18585507900877016,-0.017994455752614935
R1,ladder,1D,base,168.0,2000.0,918.3846288536782,11.375464381327799,4.6227683014876675e-07,2913.9937986554623,529.1206107484581,-4563.731592998991,4735.743995688066,1201.0,336.0,0.5938927737881237,0.641838460465309,0.3337054078019934,0.16796235116056835,0.25633584930932873,0.13234746537309358,0.30729242822727465,0.53262899530503,0.0,36.79082455046319,922.3637859250588,2.4967366675812754,10.606514078658725,0.347036849924456,917.8170367823924,10.807872772318838,4.78467174307571,2.636113916434602,0.0,527.2227832869204,529.1440206306476,0.587725,0.002461220857496336,0.5915250146314156,40000,0.05,20260808,1.5937431940851685,-2.2157598042872433,0.4332778387577507,-0.2273335745237809,-1.6355370017118234
R1,ladder,1D,base,168.0,2500.0,475.24188322458974,64.41177697267125,2.093805733238696e-07,2913.9937986554623,529.1206107484581,-4563.731592998991,4735.743995688066,1201.0,336.0,0.5938927737881237,0.641838460465309,0.3337054078019934,0.16796235116056835,0.25633584930932873,0.13234746537309358,0.30729242822727465,0.53262899530503,0.0,36.79082455046319,478.26301371580894,2.137137895725335,62.684799836944606,0.881423332100614,474.45763939258285,63.627533350044985,4.78467174307571,2.636113916434602,0.0,527.2227832869204,529.1440206306476,0.587725,0.002461220857496336,0.5915250146314156,40000,0.05,20260808,1.4136338592198507,-1.9593049932214737,0.6357037537854104,-0.366959864206949,-0.8897468379436346
R1,ladder,1D,base,168.0,3000.0,163.737894344802,249.08684631328862,-4.348883919647051e-08,2913.9937986554623,529.1206107484581,-4563.731592998991,4735.743995688066,1201.0,336.0,0.5938927737881237,0.641838460465309,0.3337054078019934,0.16796235116056835,0.25633584930932873,0.13234746537309358,0.30729242822727465,0.53262899530503,0.0,36.79082455046319,164.6045270075761,1.421417925408201,245.20537109624755,1.6747295115519767,162.57354803539457,247.92249996039232,4.78467174307571,2.636113916434602,0.0,527.2227832869204,529.1440206306476,0.587725,0.002461220857496336,0.5915250146314156,40000,0.05,20260808,0.6096958869610739,-2.31767290793371,0.5292804492460057,-0.8191442422347707,-0.6952444229738923
R1,ladder,1D,base,168.0,3500.0,37.003215764596476,618.5312259535176,-2.9638761134265224e-07,2913.9937986554623,529.1206107484581,-4563.731592998991,4735.743995688066,1201.0,336.0,0.5938927737881237,0.641838460465309,0.3337054078019934,0.16796235116056835,0.25633584930932873,0.13234746537309358,0.30729242822727465,0.53262899530503,0.0,36.79082455046319,37.59710275757789,0.682767572583854,614.3770048137851,2.2852032325720306,37.003530578001985,618.5315404705354,4.78467174307571,2.636113916434602,0.0,527.2227832869204,529.1440206306476,0.587725,0.002461220857496336,0.5915250146314156,40000,0.05,20260808,0.8698230801060478,-1.8178782002933107,1.6049604898113579,0.00046108429596057886,0.00013763196785231222
R1,ladder,1D,base,168.0,4000.0,5.7385686165312135,1083.4456370258715,-5.492711352417246e-07,2913.9937986554623,529.1206107484581,-4563.731592998991,4735.743995688066,1201.0,336.0,0.5938927737881237,0.641838460465309,0.3337054078019934,0.16796235116056835,0.25633584930932873,0.13234746537309358,0.30729242822727465,0.53262899530503,0.0,36.79082455046319,5.835001897526887,0.2511988565916798,1078.7939619212698,2.542724334388486,5.719223753149817,1083.426291613219,4.78467174307571,2.636113916434602,0.0,527.2227832869204,529.1440206306476,0.587725,0.002461220857496336,0.5915250146314156,40000,0.05,20260808,0.38389219721817486,-1.8294059807000052,1.680441368564911,-0.0770101569882607,-0.007608143907234912
R1,ladder,1D,base,336.0,2000.0,907.737574665394,11.388224112425673,4.4628200157603715e-07,2910.2075973139417,528.439554770942,-4555.247628921624,4734.83243429374,1201.0,672.0,0.5938927737881237,0.6448350621283585,0.3337104405516498,0.16796228085188125,0.2563396207654156,0.13234708923514754,0.30729242822727465,0.53262899530503,0.0,73.39087370645431,910.8972401787942,2.4639946838635374,11.112901919212037,0.366460806586759,907.6083261804152,11.258976073728661,3.48809569960284,2.6307512800450645,0.0,526.1502560090129,528.4629345513226,0.585775,0.0024629385364590404,0.5915250146314178,40000,0.05,20260808,1.2823345497019363,-0.7513005163580957,0.3480813840459174,-0.052454855452910794,-0.3526926655563452
R1,ladder,1D,base,336.0,2500.0,468.4452904484665,64.48325527174674,2.0113549226152827e-07,2910.2075973139417,528.439554770942,-4555.247628921624,4734.83243429374,1201.0,672.0,0.5938927737881237,0.6448350621283585,0.3337104405516498,0.16796228085188125,0.2563396207654156,0.13234708923514754,0.30729242822727465,0.53262899530503,0.0,73.39087370645431,470.40294518541566,2.1059809908538996,63.005922056935816,0.8914090057564814,467.6569663497988,63.69493137421454,3.48809569960284,2.6307512800450645,0.0,526.1502560090129,528.4629345513226,0.585775,0.0024629385364590404,0.5915250146314178,40000,0.05,20260808,0.9295690442843968,-1.6573011998652725,0.41790466824311867,-0.37432631257895543,-0.8843571160280144
R1,ladder,1D,base,336.0,3000.0,160.64385297207969,249.06913317163344,-4.403574394018506e-08,2910.2075973139417,528.439554770942,-4555.247628921624,4734.83243429374,1201.0,672.0,0.5938927737881237,0.6448350621283585,0.3337104405516498,0.16796228085188125,0.2563396207654156,0.13234708923514754,0.30729242822727465,0.53262899530503,0.0,73.39087370645431,160.98525777379695,1.3894309075693534,245.9755497764194,1.6736851413792966,159.5237719806016,247.94905213611963,3.48809569960284,2.6307512800450645,0.0,526.1502560090129,528.4629345513226,0.585775,0.0024629385364590404,0.5915250146314178,40000,0.05,20260808,0.24571556588913665,-1.8483664093860537,0.21252279212737868,-0.8061437134988892,-0.6692304351765582
R1,ladder,1D,base,336.0,3500.0,36.118128233469164,616.9307238092711,-2.891816848205053e-07,2910.2075973139417,528.439554770942,-4555.247628921624,4734.83243429374,1201.0,672.0,0.5938927737881237,0.6448350621283585,0.3337104405516498,0.16796228085188125,0.2563396207654156,0.13234708923514754,0.30729242822727465,0.53262899530503,0.0,73.39087370645431,35.82011467825647,0.6572487455435464,613.1977218119812,2.276283716279436,35.40115728736843,616.2137525739887,3.48809569960284,2.6307512800450645,0.0,526.1502560090129,528.4629345513226,0.585775,0.0024629385364590404,0.5915250146314178,40000,0.05,20260808,-0.4534258258130764,-1.6399546201522854,-0.8251079715048348,-1.0908669677380676,-0.31497446041315125
R1,ladder,1D,base,336.0,4000.0,5.567414554183024,1078.7673255062105,-5.343049451767001e-07,2910.2075973139417,528.439554770942,-4555.247628921624,4734.83243429374,1201.0,672.0,0.5938927737881237,0.6448350621283585,0.3337104405516498,0.16796228085188125,0.2563396207654156,0.13234708923514754,0.30729242822727465,0.53262899530503,0.0,73.39087370645431,5.303747475667297,0.23522954104342556,1075.0686697404942,2.524138835586993,5.223450054315853,1078.4233604720387,3.48809569960284,2.6307512800450645,0.0,526.1502560090129,528.4629345513226,0.585775,0.0024629385364590404,0.5915250146314178,40000,0.05,20260808,-1.120892713330813,-1.465313917590476,-4.735898071711286,-1.4622504398955245,-0.13627025158931014
R2,ladder,2D,base,24.0,2000.0,926.938436753571,10.703965501875649,1.1806571365013951e-07,2917.239114093482,521.3371133002718,-4520.545417558372,4686.067189371408,1201.0,96.0,0.59155510189457,0.6057628710941897,0.33361088383699383,0.16796314853133523,0.2562667602965931,0.13235405488621171,0.30729242822727465,0.53262899530503,0.0,5.415267421229785,925.7965382073638,2.466743669495994,10.694134892656106,0.35101772801096626,926.882361550738,10.647890417108487,-1.1333091212305269,2.5918695182382523,0.0,518.3739036476504,521.3211400993792,0.5884,0.002460616995795973,0.5915219065966043,40000,0.05,20260808,-0.4629173919965684,-0.028006019169596306,-0.12319033292075288,-0.02273248068958415,-0.15975000774151837
R2,ladder,2D,base,24.0,2500.0,478.79923896444836,62.01712270593213,5.3707367442257237e-08,2917.239114093482,521.3371133002718,-4520.545417558372,4686.067189371408,1201.0,96.0,0.59155510189457,0.6057628710941897,0.33361088383699383,0.16796314853133523,0.2562667602965931,0.13235405488621171,0.30729242822727465,0.53262899530503,0.0,5.415267421229785,477.0706842628237,2.1120871557958556,61.42063587693656,0.8814940636252414,477.983964951637,61.20184874682812,-1.1333091212305269,2.5918695182382523,0.0,518.3739036476504,521.3211400993792,0.5884,0.002460616995795973,0.5915219065966043,40000,0.05,20260808,-0.8184106876845822,-0.6766770799822013,-0.361018681935088,-0.38600396322383507,-0.924877424302902
R2,ladder,2D,base,24.0,3000.0,162.68382808143141,245.35406681609652,-1.0653309345798334e-08,2917.239114093482,521.3371133002718,-4520.545417558372,4686.067189371408,1201.0,96.0,0.59155510189457,0.6057628710941897,0.33361088383699383,0.16796314853133523,0.2562667602965931,0.13235405488621171,0.30729242822727465,0.53262899530503,0.0,5.415267421229785,160.82322072488458,1.393144075001975,244.62552726781814,1.6718573370517456,161.30670614494574,243.9769448689575,-1.1333091212305269,2.5918695182382523,0.0,518.3739036476504,521.3211400993792,0.5884,0.002460616995795973,0.5915219065966043,40000,0.05,20260808,-1.335545540431056,-0.4357665765687446,-1.1436953374465153,-0.988499295368088,-0.8237078108396001
R2,ladder,2D,base,24.0,3500.0,36.14874042156657,618.2713341494103,-7.501125764974859e-08,2917.239114093482,521.3371133002718,-4520.545417558372,4686.067189371408,1201.0,96.0,0.59155510189457,0.6057628710941897,0.33361088383699383,0.16796314853133523,0.2562667602965931,0.13235405488621171,0.30729242822727465,0.53262899530503,0.0,5.415267421229785,35.00270718415671,0.6555458629204828,618.257368655911,2.278437687027769,35.13925888018414,617.2618525330166,-1.1333091212305269,2.5918695182382523,0.0,518.3739036476504,521.3211400993792,0.5884,0.002460616995795973,0.5915219065966043,40000,0.05,20260808,-1.7482121423270622,-0.006129416476397578,-3.170326888419406,-1.5399098651696994,-0.4430586897948421
R2,ladder,2D,base,24.0,4000.0,5.497293150215843,1087.072241871249,-1.393798356730258e-07,2917.239114093482,521.3371133002718,-4520.545417558372,4686.067189371408,1201.0,96.0,0.59155510189457,0.6057628710941897,0.33361088383699383,0.16796314853133523,0.2562667602965931,0.13235405488621171,0.30729242822727465,0.53262899530503,0.0,5.415267421229785,5.256018196900119,0.23819364799627665,1087.963034597475,2.5219870673990656,5.28049139966701,1086.8554399813202,-1.1333091212305269,2.5918695182382523,0.0,518.3739036476504,521.3211400993792,0.5884,0.002460616995795973,0.5915219065966043,40000,0.05,20260808,-1.0129361355576343,0.3532106638217854,-4.388977388012327,-0.9101911506566375,-0.08596471121176805
R2,ladder,2D,base,72.0,2000.0,924.5183636309273,11.368099166889499,4.7156026994343847e-07,2916.15734228052,529.5053026079554,-4568.552579594436,4736.237895033397,1201.0,144.0,0.5938927737881233,0.6338475226971769,0.33369198713624315,0.1679625386504006,0.2563257920930969,0.1323484684076164,0.30729242822727465,0.53262899530503,0.0,15.876510747039692,919.5013362682577,2.5118778725923696,11.239919199740035,0.3565214614549222,924.1727067366519,11.022442744174246,-4.904946295573037,2.645614981901281,0.0,529.1229963802562,529.5287192945414,0.594775,0.002454677674232403,0.591525014631417,40000,0.05,20260808,-1.9973213735474495,-0.3595294561689961,-0.5426638950648766,-0.1376089570464165,-0.9695248676045187
R2,ladder,2D,base,72.0,2500.0,479.1610962439342,64.3696956574653,2.1420902385216323e-07,2916.15734228052,529.5053026079554,-4568.552579594436,4736.237895033397,1201.0,144.0,0.5938927737881233,0.6338475226971769,0.33369198713624315,0.1679625386504006,0.2563257920930969,0.1323484684076164,0.30729242822727465,0.53262899530503,0.0,15.876510747039692,474.7642601190455,2.145309551216979,64.86170667074569,0.9007299161215344,478.66141480465535,63.870014432395514,-4.904946295573037,2.645614981901281,0.0,529.1229963802562,529.5287192945414,0.594775,0.002454677674232403,0.591525014631417,40000,0.05,20260808,-2.049511280269312,0.546235896548154,-0.9176112500273503,-0.2329181068510084,-0.5547514478273022
R2,ladder,2D,base,72.0,3000.0,165.52640621614682,249.09386950726065,-4.3155935713912186e-08,2916.15734228052,529.5053026079554,-4568.552579594436,4736.237895033397,1201.0,144.0,0.5938927737881233,0.6338475226971769,0.33369198713624315,0.1679625386504006,0.2563257920930969,0.1323484684076164,0.30729242822727465,0.53262899530503,0.0,15.876510747039692,163.90835553138234,1.4144002389301875,252.36466570330015,1.698409062681465,166.0010315698419,249.56849481779983,-4.904946295573037,2.645614981901281,0.0,529.1229963802562,529.5287192945414,0.594775,0.002454677674232403,0.591525014631417,40000,0.05,20260808,-1.1439836053678352,1.9258000136171747,-0.9775181626619833,0.33556651125431647,0.27945288385934447
R2,ladder,2D,base,72.0,3500.0,37.51650341631737,619.442830585009,-3.005159214808373e-07,2916.15734228052,529.5053026079554,-4568.552579594436,4736.237895033397,1201.0,144.0,0.5938927737881233,0.6338475226971769,0.33369198713624315,0.1679625386504006,0.2563257920930969,0.1323484684076164,0.30729242822727465,0.53262899530503,0.0,15.876510747039692,36.590016393744015,0.6746456846748564,623.4051901858796,2.3146730513602103,37.200039303892005,619.1263661720676,-4.904946295573037,2.645614981901281,0.0,529.1229963802562,529.5287192945414,0.594775,0.002454677674232403,0.591525014631417,40000,0.05,20260808,-1.3732942248342883,1.711844184016468,-2.469545235312065,-0.46908194866448133,-0.13672099943248173
R2,ladder,2D,base,72.0,4000.0,5.838387197093728,1086.123578243376,-5.578888249146985e-07,2916.15734228052,529.5053026079554,-4568.552579594436,4736.237895033397,1201.0,144.0,0.5938927737881233,0.6338475226971769,0.33369198713624315,0.1679625386504006,0.2563257920930969,0.1323484684076164,0.30729242822727465,0.53262899530503,0.0,15.876510747039692,5.6766694405554645,0.2483937170037076,1090.8507068529086,2.565556437067285,5.792221963194722,1086.0774124515883,-4.904946295573037,2.645614981901281,0.0,529.1229963802562,529.5287192945414,0.594775,0.002454677674232403,0.591525014631417,40000,0.05,20260808,-0.6510541348992721,1.8425354208681088,-2.7699046171306474,-0.18585507900877016,-0.017994455752614935
R2,ladder,2D,base,168.0,2000.0,918.3846288536782,11.375464381327799,4.6227683014876675e-07,2913.9937986554623,529.1206107484581,-4563.731592998991,4735.743995688066,1201.0,336.0,0.5938927737881237,0.641838460465309,0.3337054078019934,0.16796235116056835,0.25633584930932873,0.13234746537309358,0.30729242822727465,0.53262899530503,0.0,36.79082455046319,922.3637859250588,2.4967366675812754,10.606514078658725,0.347036849924456,917.8170367823924,10.807872772318838,4.78467174307571,2.636113916434602,0.0,527.2227832869204,529.1440206306476,0.587725,0.002461220857496336,0.5915250146314156,40000,0.05,20260808,1.5937431940851685,-2.2157598042872433,0.4332778387577507,-0.2273335745237809,-1.6355370017118234
R2,ladder,2D,base,168.0,2500.0,475.24188322458974,64.41177697267125,2.093805733238696e-07,2913.9937986554623,529.1206107484581,-4563.731592998991,4735.743995688066,1201.0,336.0,0.5938927737881237,0.641838460465309,0.3337054078019934,0.16796235116056835,0.25633584930932873,0.13234746537309358,0.30729242822727465,0.53262899530503,0.0,36.79082455046319,478.26301371580894,2.137137895725335,62.684799836944606,0.881423332100614,474.45763939258285,63.627533350044985,4.78467174307571,2.636113916434602,0.0,527.2227832869204,529.1440206306476,0.587725,0.002461220857496336,0.5915250146314156,40000,0.05,20260808,1.4136338592198507,-1.9593049932214737,0.6357037537854104,-0.366959864206949,-0.8897468379436346
R2,ladder,2D,base,168.0,3000.0,163.737894344802,249.08684631328862,-4.348883919647051e-08,2913.9937986554623,529.1206107484581,-4563.731592998991,4735.743995688066,1201.0,336.0,0.5938927737881237,0.641838460465309,0.3337054078019934,0.16796235116056835,0.25633584930932873,0.13234746537309358,0.30729242822727465,0.53262899530503,0.0,36.79082455046319,164.6045270075761,1.421417925408201,245.20537109624755,1.6747295115519767,162.57354803539457,247.92249996039232,4.78467174307571,2.636113916434602,0.0,527.2227832869204,529.1440206306476,0.587725,0.002461220857496336,0.5915250146314156,40000,0.05,20260808,0.6096958869610739,-2.31767290793371,0.5292804492460057,-0.8191442422347707,-0.6952444229738923
R2,ladder,2D,base,168.0,3500.0,37.003215764596476,618.5312259535176,-2.9638761134265224e-07,2913.9937986554623,529.1206107484581,-4563.731592998991,4735.743995688066,1201.0,336.0,0.5938927737881237,0.641838460465309,0.3337054078019934,0.16796235116056835,0.25633584930932873,0.13234746537309358,0.30729242822727465,0.53262899530503,0.0,36.79082455046319,37.59710275757789,0.682767572583854,614.3770048137851,2.2852032325720306,37.003530578001985,618.5315404705354,4.78467174307571,2.636113916434602,0.0,527.2227832869204,529.1440206306476,0.587725,0.002461220857496336,0.5915250146314156,40000,0.05,20260808,0.8698230801060478,-1.8178782002933107,1.6049604898113579,0.00046108429596057886,0.00013763196785231222
R2,ladder,2D,base,168.0,4000.0,5.7385686165312135,1083.4456370258715,-5.492711352417246e-07,2913.9937986554623,529.1206107484581,-4563.731592998991,4735.743995688066,1201.0,336.0,0.5938927737881237,0.641838460465309,0.3337054078019934,0.16796235116056835,0.25633584930932873,0.13234746537309358,0.30729242822727465,0.53262899530503,0.0,36.79082455046319,5.835001897526887,0.2511988565916798,1078.7939619212698,2.542724334388486,5.719223753149817,1083.426291613219,4.78467174307571,2.636113916434602,0.0,527.2227832869204,529.1440206306476,0.587725,0.002461220857496336,0.5915250146314156,40000,0.05,20260808,0.38389219721817486,-1.8294059807000052,1.680441368564911,-0.0770101569882607,-0.007608143907234912
R2,ladder,2D,base,336.0,2000.0,907.737574665394,11.388224112425673,4.4628200157603715e-07,2910.2075973139417,528.439554770942,-4555.247628921624,4734.83243429374,1201.0,672.0,0.5938927737881237,0.6448350621283585,0.3337104405516498,0.16796228085188125,0.2563396207654156,0.13234708923514754,0.30729242822727465,0.53262899530503,0.0,73.39087370645431,910.8972401787942,2.4639946838635374,11.112901919212037,0.366460806586759,907.6083261804152,11.258976073728661,3.48809569960284,2.6307512800450645,0.0,526.1502560090129,528.4629345513226,0.585775,0.0024629385364590404,0.5915250146314178,40000,0.05,20260808,1.2823345497019363,-0.7513005163580957,0.3480813840459174,-0.052454855452910794,-0.3526926655563452
R2,ladder,2D,base,336.0,2500.0,468.4452904484665,64.48325527174674,2.0113549226152827e-07,2910.2075973139417,528.439554770942,-4555.247628921624,4734.83243429374,1201.0,672.0,0.5938927737881237,0.6448350621283585,0.3337104405516498,0.16796228085188125,0.2563396207654156,0.13234708923514754,0.30729242822727465,0.53262899530503,0.0,73.39087370645431,470.40294518541566,2.1059809908538996,63.005922056935816,0.8914090057564814,467.6569663497988,63.69493137421454,3.48809569960284,2.6307512800450645,0.0,526.1502560090129,528.4629345513226,0.585775,0.0024629385364590404,0.5915250146314178,40000,0.05,20260808,0.9295690442843968,-1.6573011998652725,0.41790466824311867,-0.37432631257895543,-0.8843571160280144
R2,ladder,2D,base,336.0,3000.0,160.64385297207969,249.06913317163344,-4.403574394018506e-08,2910.2075973139417,528.439554770942,-4555.247628921624,4734.83243429374,1201.0,672.0,0.5938927737881237,0.6448350621283585,0.3337104405516498,0.16796228085188125,0.2563396207654156,0.13234708923514754,0.30729242822727465,0.53262899530503,0.0,73.39087370645431,160.98525777379695,1.3894309075693534,245.9755497764194,1.6736851413792966,159.5237719806016,247.94905213611963,3.48809569960284,2.6307512800450645,0.0,526.1502560090129,528.4629345513226,0.585775,0.0024629385364590404,0.5915250146314178,40000,0.05,20260808,0.24571556588913665,-1.8483664093860537,0.21252279212737868,-0.8061437134988892,-0.6692304351765582
R2,ladder,2D,base,336.0,3500.0,36.118128233469164,616.9307238092711,-2.891816848205053e-07,2910.2075973139417,528.439554770942,-4555.247628921624,4734.83243429374,1201.0,672.0,0.5938927737881237,0.6448350621283585,0.3337104405516498,0.16796228085188125,0.2563396207654156,0.13234708923514754,0.30729242822727465,0.53262899530503,0.0,73.39087370645431,35.82011467825647,0.6572487455435464,613.1977218119812,2.276283716279436,35.40115728736843,616.2137525739887,3.48809569960284,2.6307512800450645,0.0,526.1502560090129,528.4629345513226,0.585775,0.0024629385364590404,0.5915250146314178,40000,0.05,20260808,-0.4534258258130764,-1.6399546201522854,-0.8251079715048348,-1.0908669677380676,-0.31497446041315125
R2,ladder,2D,base,336.0,4000.0,5.567414554183024,1078.7673255062105,-5.343049451767001e-07,2910.2075973139417,528.439554770942,-4555.247628921624,4734.83243429374,1201.0,672.0,0.5938927737881237,0.6448350621283585,0.3337104405516498,0.16796228085188125,0.2563396207654156,0.13234708923514754,0.30729242822727465,0.53262899530503,0.0,73.39087370645431,5.303747475667297,0.23522954104342556,1075.0686697404942,2.524138835586993,5.223450054315853,1078.4233604720387,3.48809569960284,2.6307512800450645,0.0,526.1502560090129,528.4629345513226,0.585775,0.0024629385364590404,0.5915250146314178,40000,0.05,20260808,-1.120892713330813,-1.465313917590476,-4.735898071711286,-1.4622504398955245,-0.13627025158931014
R3,ladder,2D,base,24.0,2000.0,926.7219383398206,10.487467088148415,1.1804263522208203e-07,2917.239114093482,517.302842206038,-4520.545417558372,4686.067189371408,1201.0,96.0,0.6375668381804693,0.5915531686202918,0.33272931294873515,0.16704408503042992,0.2562851897043817,0.13080390126206895,0.2921037034785675,0.5236828864764631,0.0,5.368880152834198,925.5743799237817,2.453651076974508,10.649366440393802,0.3496159241797994,926.8298627651253,10.595391631495955,-1.3108934589248602,2.5787682605347384,0.0,515.7536521069477,517.3542677252094,0.635175,0.002406905271167729,0.6376045023883902,40000,0.05,20260808,-0.46769421569663866,0.46307774059549284,-0.12382985322378914,0.04398523747632287,0.3086945870693146
R3,ladder,2D,base,24.0,2500.0,477.7094575125919,60.927341254086706,5.369633981899824e-08,2917.239114093482,517.302842206038,-4520.545417558372,4686.067189371408,1201.0,96.0,0.6375668381804693,0.5915531686202918,0.33272931294873515,0.16704408503042992,0.2562851897043817,0.13080390126206895,0.2921037034785675,0.5236828864764631,0.0,5.368880152834198,476.3860162811067,2.1000558891043477,60.91335772653948,0.8799441220063718,477.44735021421724,60.66523400940837,-1.3108934589248602,2.5787682605347384,0.0,515.7536521069477,517.3542677252094,0.635175,0.002406905271167729,0.6376045023883902,40000,0.05,20260808,-0.6301933383542457,-0.01589138127923518,-0.27703894295421083,-0.12480967755883415,-0.29786805562232627
R3,ladder,2D,base,24.0,3000.0,160.60920655152424,243.27944528618872,-1.0652684068190865e-08,2917.239114093482,517.302842206038,-4520.545417558372,4686.067189371408,1201.0,96.0,0.6375668381804693,0.5915531686202918,0.33272931294873515,0.16704408503042992,0.2562851897043817,0.13080390126206895,0.2921037034785675,0.5236828864764631,0.0,5.368880152834198,158.89033423232937,1.3882943847105604,242.87003060658276,1.666910827365877,159.44786131679567,242.1181000408075,-1.3108934589248602,2.5787682605347384,0.0,515.7536521069477,517.3542677252094,0.635175,0.002406905271167729,0.6376045023883902,40000,0.05,20260808,-1.2381180375898682,-0.24561282636392337,-1.0702202919129933,-0.836526638383469,-0.6967050824286948
R3,ladder,2D,base,24.0,3500.0,35.482102406727755,617.6046961345584,-7.499806997657288e-08,2917.239114093482,517.302842206038,-4520.545417558372,4686.067189371408,1201.0,96.0,0.6375668381804693,0.5915531686202918,0.33272931294873515,0.16704408503042992,0.2562851897043817,0.13080390126206895,0.2921037034785675,0.5236828864764631,0.0,5.368880152834198,34.72987416402625,0.6572076722859219,618.1619254671003,2.2649731135229114,34.88335395310453,617.0059476059371,-1.3108934589248602,2.5787682605347384,0.0,515.7536521069477,517.3542677252094,0.635175,0.002406905271167729,0.6376045023883902,40000,0.05,20260808,-1.1445822597978506,0.2460202857221812,-2.120021621263557,-0.9110490928090293,-0.2643512742144651
R3,ladder,2D,base,24.0,4000.0,5.378550663467311,1086.9534993844632,-1.3934254639025312e-07,2917.239114093482,517.302842206038,-4520.545417558372,4686.067189371408,1201.0,96.0,0.6375668381804693,0.5915531686202918,0.33272931294873515,0.16704408503042992,0.2562851897043817,0.13080390126206895,0.2921037034785675,0.5236828864764631,0.0,5.368880152834198,5.34396747850579,0.2385632042701098,1088.2283737104005,2.507547354766248,5.373339367648953,1086.948287949302,-1.3108934589248602,2.5787682605347384,0.0,515.7536521069477,517.3542677252094,0.635175,0.002406905271167729,0.6376045023883902,40000,0.05,20260808,-0.14496445529950597,0.5084148554619151,-0.6429833448705846,-0.021844507975579984,-0.002078299798074359
R3,ladder,2D,base,72.0,2000.0,924.3515500854422,11.201285621103107,4.7186154006340075e-07,2916.15734228052,526.3451915715834,-4568.552579594436,4736.237895033397,1201.0,144.0,0.6405682841840287,0.6243463794371866,0.3327539728224407,0.16728437424051357,0.2562770127813871,0.13098740462173192,0.2921037034785675,0.5236828864764631,0.0,15.524476169197035,918.0134754998105,2.4861195404342076,11.268106481086743,0.3595497577606975,924.1427162761657,10.992452283688145,-6.425986815230894,2.6215134390372543,0.0,524.3026878074509,525.964733789615,0.63675,0.002404680007298268,0.6376079935410467,40000,0.05,20260808,-2.549384485560479,0.18584593242337707,-0.6856779311989913,-0.08399990663361703,-0.5808190185291502
R3,ladder,2D,base,72.0,2500.0,478.2688143067366,63.477413720139126,2.1433760366562638e-07,2916.15734228052,526.3451915715834,-4568.552579594436,4736.237895033397,1201.0,144.0,0.6405682841840287,0.6243463794371866,0.3327539728224407,0.16728437424051357,0.2562770127813871,0.13098740462173192,0.2921037034785675,0.5236828864764631,0.0,15.524476169197035,472.15197167920354,2.1249729216648805,63.76546628069769,0.8979955033229065,477.28487944849974,62.49347907623984,-6.425986815230894,2.6215134390372543,0.0,524.3026878074509,525.964733789615,0.63675,0.002404680007298268,0.6376079935410467,40000,0.05,20260808,-2.8785508583048753,0.3207728318155978,-1.2789549400998634,-0.4630340689075548,-1.0957010811951393
R3,ladder,2D,base,72.0,3000.0,163.85794629706234,247.42540958820175,-4.318151525239955e-08,2916.15734228052,526.3451915715834,-4568.552579594436,4736.237895033397,1201.0,144.0,0.6405682841840287,0.6243463794371866,0.3327539728224407,0.16728437424051357,0.2562770127813871,0.13098740462173192,0.2921037034785675,0.5236828864764631,0.0,15.524476169197035,161.02737077277072,1.3964626078055262,250.99972899448255,1.6900424101696219,163.75268225664755,247.32014550460542,-6.425986815230894,2.6215134390372543,0.0,524.3026878074509,525.964733789615,0.63675,0.002404680007298268,0.6376079935410467,40000,0.05,20260808,-2.0269612007297,2.1149288235447705,-1.727456976154207,-0.07537906122686125,-0.06228487697285637
R3,ladder,2D,base,72.0,3500.0,36.98194542544293,618.9082725943231,-3.007044142577797e-07,2916.15734228052,526.3451915715834,-4568.552579594436,4736.237895033397,1201.0,144.0,0.6405682841840287,0.6243463794371866,0.3327539728224407,0.16728437424051357,0.2562770127813871,0.13098740462173192,0.2921037034785675,0.5236828864764631,0.0,15.524476169197035,35.312508713003794,0.6600388419238331,623.6437305549333,2.300107165531919,36.09589845117418,618.0222253193499,-6.425986815230894,2.6215134390372543,0.0,524.3026878074509,525.964733789615,0.63675,0.002404680007298268,0.6376079935410467,40000,0.05,20260808,-2.5293007114144737,2.0587988384076525,-4.514193867396155,-1.3424164124737965,-0.38521999681187635
R3,ladder,2D,base,72.0,4000.0,5.749023982799571,1086.0342150294214,-5.582282938121352e-07,2916.15734228052,526.3451915715834,-4568.552579594436,4736.237895033397,1201.0,144.0,0.6405682841840287,0.6243463794371866,0.3327539728224407,0.16728437424051357,0.2562770127813871,0.13098740462173192,0.2921037034785675,0.5236828864764631,0.0,15.524476169197035,5.388590209280513,0.24025666844191404,1092.0786756714278,2.5446658252323444,5.533334334780041,1085.8185248231734,-6.425986815230894,2.6215134390372543,0.0,524.3026878074509,525.964733789615,0.63675,0.002404680007298268,0.6376079935410467,40000,0.05,20260808,-1.5002029948076088,2.3753455491369175,-6.269477646943811,-0.8977467698120367,-0.08476170195284234
R3,ladder,2D,base,168.0,2000.0,918.2177668868391,11.208602413559136,4.632063337339787e-07,2913.9937986554623,525.9630352761266,-4563.731592998991,4735.743995688066,1201.0,336.0,0.6405682841840293,0.633688078555093,0.3327516529860305,0.16735103236496623,0.2562682577531047,0.1310387445660122,0.2921037034785675,0.5236828864764631,0.0,35.82313049505751,921.0181544472903,2.4725586090940537,10.340144904460624,0.3427291558129951,917.50088604284,10.491722032766283,3.6970983295673947,2.6097687009167423,0.0,521.9537401833485,525.5828668721416,0.63635,0.0024052477912888726,0.6376079935410486,40000,0.05,20260808,1.1325869284357535,-2.533946979323733,0.3049807639799562,-0.2899348235315473,-2.0916819261913266
R3,ladder,2D,base,168.0,2500.0,474.3495949257195,63.519488673370304,2.0981127590857795e-07,2913.9937986554623,525.9630352761266,-4563.731592998991,4735.743995688066,1201.0,336.0,0.6405682841840293,0.633688078555093,0.3327516529860305,0.16735103236496623,0.2562682577531047,0.1310387445660122,0.2921037034785675,0.5236828864764631,0.0,35.82313049505751,475.6992906092665,2.119757978261652,61.20033903397231,0.8707101362785814,472.75279387245735,61.92268782991946,3.6970983295673947,2.6097687009167423,0.0,521.9537401833485,525.5828668721416,0.63635,0.0024052477912888726,0.6376079935410486,40000,0.05,20260808,0.6367215962332837,-2.6635151501853955,0.2845360674880171,-0.7532940409412341,-1.83390634485499
R3,ladder,2D,base,168.0,3000.0,162.08078519185037,247.42973716044065,-4.359249317076319e-08,2913.9937986554623,525.9630352761266,-4563.731592998991,4735.743995688066,1201.0,336.0,0.6405682841840293,0.633688078555093,0.3327516529860305,0.16735103236496623,0.2562682577531047,0.1310387445660122,0.2921037034785675,0.5236828864764631,0.0,35.82313049505751,162.04083158024656,1.4051703692985171,243.72093797248823,1.6607239403518168,160.47287033857808,245.82182226357588,3.6970983295673947,2.6097687009167423,0.0,521.9537401833485,525.5828668721416,0.63635,0.0024052477912888726,0.6376079935410486,40000,0.05,20260808,-0.02843328643753843,-2.233242441947775,-0.024650430682771063,-1.144284627973608,-0.9682011909361291
R3,ladder,2D,base,168.0,3500.0,36.47590617911714,618.0039163686465,-2.969958359244629e-07,2913.9937986554623,525.9630352761266,-4563.731592998991,4735.743995688066,1201.0,336.0,0.6405682841840293,0.633688078555093,0.3327516529860305,0.16735103236496623,0.2562682577531047,0.1310387445660122,0.2921037034785675,0.5236828864764631,0.0,35.82313049505751,36.41364983862947,0.6723599552633452,614.2728141984068,2.2664295014382154,35.970345423266465,617.4983553158,3.6970983295673947,2.6097687009167423,0.0,521.9537401833485,525.5828668721416,0.63635,0.0024052477912888726,0.6376079935410486,40000,0.05,20260808,-0.09259376618181753,-1.646246736495485,-0.17067798173939774,-0.7519197892335202,-0.22306498063392596
R3,ladder,2D,base,168.0,4000.0,5.650655494755593,1083.3577239051965,-5.503718512045452e-07,2913.9937986554623,525.9630352761266,-4563.731592998991,4735.743995688066,1201.0,336.0,0.6405682841840293,0.633688078555093,0.3327516529860305,0.16735103236496623,0.2562682577531047,0.1310387445660122,0.2921037034785675,0.5236828864764631,0.0,35.82313049505751,5.62394867931969,0.2463369081131116,1079.6621710066324,2.5185127791264423,5.536785392500442,1083.2438532525696,3.6970983295673947,2.6097687009167423,0.0,521.9537401833485,525.5828668721416,0.63635,0.0024052477912888726,0.6376079935410486,40000,0.05,20260808,-0.10841581004029044,-1.467355230115566,-0.4726321656078669,-0.46225351745855775,-0.0452134504024337
R3,ladder,2D,base,336.0,2000.0,907.5705958024562,11.221245247432089,4.483376869757194e-07,2910.2075973139417,525.2860426807462,-4555.247628921624,4734.83243429374,1201.0,672.0,0.6405682841840303,0.6371912157243085,0.33275078304737665,0.167376029161636,0.25626497461749875,0.1310579970451173,0.2921037034785675,0.5236828864764631,0.0,71.34577556531342,911.5362333606424,2.45775517188919,10.817168915167175,0.3651480267691062,907.3491502030404,10.99980009635402,4.437273467966353,2.6219578377467427,0.0,524.3915675493486,524.9063636836044,0.637275,0.002403932062137988,0.6376079935410487,40000,0.05,20260808,1.6135201762745142,-1.1066096559257144,0.43695086382562476,-0.09010075614878438,-0.6064530953034416
R3,ladder,2D,base,336.0,2500.0,467.5529007007273,63.59086552311562,2.0202747919029207e-07,2910.2075973139417,525.2860426807462,-4555.247628921624,4734.83243429374,1201.0,672.0,0.6405682841840303,0.6371912157243085,0.33275078304737665,0.167376029161636,0.25626497461749875,0.1310579970451173,0.2921037034785675,0.5236828864764631,0.0,71.34577556531342,469.7841097243449,2.1082945673214306,61.452360409971874,0.882331440547717,466.2733670680665,62.31133209248227,4.437273467966353,2.6219578377467427,0.0,524.3915675493486,524.9063636836044,0.637275,0.002403932062137988,0.6376079935410487,40000,0.05,20260808,1.0583004188320313,-2.423698187402506,0.4772099628242321,-0.6069045817854948,-1.4501732249720871
R3,ladder,2D,base,336.0,3000.0,159.006362295105,247.43164249486333,-4.4240323404665105e-08,2910.2075973139417,525.2860426807462,-4555.247628921624,4734.83243429374,1201.0,672.0,0.6405682841840303,0.6371912157243085,0.33275078304737665,0.167376029161636,0.25626497461749875,0.1310579970451173,0.2921037034785675,0.5236828864764631,0.0,71.34577556531342,160.49022453422998,1.3969447252127,244.5457903509591,1.6592329242110038,158.6404919603304,247.06577211584843,4.437273467966353,2.6219578377467427,0.0,524.3915675493486,524.9063636836044,0.637275,0.002403932062137988,0.6376079935410487,40000,0.05,20260808,1.0622197230452723,-1.739268852368336,0.933209349429065,-0.2619075244504686,-0.22050573712480517
R3,ladder,2D,base,336.0,3500.0,35.60324905586583,616.4158446329722,-2.9048612759652315e-07,2910.2075973139417,525.2860426807462,-4555.247628921624,4734.83243429374,1201.0,672.0,0.6405682841840303,0.6371912157243085,0.33275078304737665,0.167376029161636,0.25626497461749875,0.1310579970451173,0.2921037034785675,0.5236828864764631,0.0,71.34577556531342,36.27284349195101,0.6684084508848319,612.7157244397824,2.2602816737013867,35.73857626064779,616.551171547268,4.437273467966353,2.6219578377467427,0.0,524.3915675493486,524.9063636836044,0.637275,0.002403932062137988,0.6376079935410487,40000,0.05,20260808,1.0017743420191276,-1.6370172957826468,1.880711603130658,0.20246183991661684,0.05987170354493014
R3,ladder,2D,base,336.0,4000.0,5.481972974434959,1078.6818839289272,-5.367696758185048e-07,2910.2075973139417,525.2860426807462,-4555.247628921624,4734.83243429374,1201.0,672.0,0.6405682841840303,0.6371912157243085,0.33275078304737665,0.167376029161636,0.25626497461749875,0.1310579970451173,0.2921037034785675,0.5236828864764631,0.0,71.34577556531342,5.632445468348736,0.24523031508311577,1074.4626415472824,2.510812593202521,5.529680364694254,1078.7295907824166,4.437273467966353,2.6219578377467427,0.0,524.3915675493486,524.9063636836044,0.637275,0.002403932062137988,0.6376079935410487,40000,0.05,20260808,0.6135966259423415,-1.6804290344358919,2.744860192042209,0.19454116120645853,0.01900056325135543
R4,ladder,2D,base,24.0,2000.0,926.2826032725026,10.048132020625228,1.1824783996416954e-07,2917.239114093482,511.89502286067557,-4520.545417558372,4686.067189371408,1201.0,96.0,0.6262407684560404,0.5816722962587734,0.3356772529582697,0.17776988717769035,0.25693218916496535,0.13824425889948333,0.2988843870222918,0.5315783448632119,0.0,5.572971916590514,925.8007423603251,2.432245503531722,10.415357733251152,0.34773771331605885,926.6158353143177,10.381364180687967,-0.8500175223686949,2.556009131407721,0.0,511.20182628154424,511.9457031466718,0.627,0.0024180105458827096,0.6262760933666822,40000,0.05,20260808,-0.1981135997487856,1.056042236903285,-0.052020939449259895,0.13700592367474485,0.9582859359285659
R4,ladder,2D,base,24.0,2500.0,476.21692649699673,59.43481023840161,5.378626610763604e-08,2917.239114093482,511.89502286067557,-4520.545417558372,4686.067189371408,1201.0,96.0,0.6262407684560404,0.5816722962587734,0.3356772529582697,0.17776988717769035,0.25693218916496535,0.13824425889948333,0.2988843870222918,0.5315783448632119,0.0,5.572971916590514,475.64565231826117,2.082720540625979,59.712622620007956,0.8723624450793902,476.33605946648277,59.55394326167385,-0.8500175223686949,2.556009131407721,0.0,511.20182628154424,511.9457031466718,0.627,0.0024180105458827096,0.6262760933666822,40000,0.05,20260808,-0.27429228626316937,0.3184598135480981,-0.1199609142282676,0.05720065038117166,0.13656367710945982
R4,ladder,2D,base,24.0,3000.0,158.43401276735824,241.10425150203827,-1.0668230743249296e-08,2917.239114093482,511.89502286067557,-4520.545417558372,4686.067189371408,1201.0,96.0,0.6262407684560404,0.5816722962587734,0.3356772529582697,0.17776988717769035,0.25693218916496535,0.13824425889948333,0.2988843870222918,0.5315783448632119,0.0,5.572971916590514,157.3132152072698,1.3721989440042803,240.83254043783717,1.6557761600948218,157.67499596444992,240.34523468846172,-0.8500175223686949,2.556009131407721,0.0,511.20182628154424,511.9457031466718,0.627,0.0024180105458827096,0.6262760933666822,40000,0.05,20260808,-0.8167894057823674,-0.16409891067977403,-0.7074223145090763,-0.5531390373274858,-0.4584054486767608
R4,ladder,2D,base,24.0,3500.0,34.409360881140344,616.531954609095,-7.512210231652716e-08,2917.239114093482,511.89502286067557,-4520.545417558372,4686.067189371408,1201.0,96.0,0.6262407684560404,0.5816722962587734,0.3356772529582697,0.17776988717769035,0.25693218916496535,0.13824425889948333,0.2988843870222918,0.5315783448632119,0.0,5.572971916590514,33.59738282475345,0.6425612897159795,616.5690629841416,2.2517133050956204,33.695247906766646,615.8178415595991,-0.8500175223686949,2.556009131407721,0.0,511.20182628154424,511.9457031466718,0.627,0.0024180105458827096,0.6262760933666822,40000,0.05,20260808,-1.2636585324736826,0.016480062076569865,-2.3597591922491445,-1.1113538674098242,-0.3171420837101749
R4,ladder,2D,base,24.0,4000.0,5.122648385108965,1086.6975971063534,-1.3959129319118802e-07,2917.239114093482,511.89502286067557,-4520.545417558372,4686.067189371408,1201.0,96.0,0.6262407684560404,0.5816722962587734,0.3356772529582697,0.17776988717769035,0.25693218916496535,0.13824425889948333,0.2988843870222918,0.5315783448632119,0.0,5.572971916590514,5.021416176521549,0.23000234027687563,1087.44545126473,2.4885629075661178,5.039502125236179,1086.6144507068893,-0.8500175223686949,2.556009131407721,0.0,511.20182628154424,511.9457031466718,0.627,0.0024180105458827096,0.6262760933666822,40000,0.05,20260808,-0.44013555890585027,0.30051647724190417,-1.976169375233483,-0.3615017993847134,-0.03341141154652669
R4,ladder,2D,base,72.0,2000.0,923.8799621129004,10.729697648226495,4.721963478004909e-07,2916.15734228052,520.799575876897,-4568.552579594436,4736.237895033397,1201.0,144.0,0.6292848144995107,0.6132211289410786,0.33570460758838755,0.1780253951883856,0.25692401263264536,0.13843762965486187,0.2988843870222918,0.5315783448632119,0.0,16.173794106666907,916.9772337785421,2.453604163453233,10.832920633796846,0.3532631950935659,923.6924132691202,10.542149276642458,-7.029022015219519,2.5856281323991404,0.0,517.125626479828,520.403963126528,0.6247,0.002421001394051643,0.6262785559486717,40000,0.05,20260808,-2.8133015248243516,0.29219852790781514,-0.7471455835639018,-0.07643810137505345,-0.5309026646106216
R4,ladder,2D,base,72.0,2500.0,476.7165127625583,61.92511217581642,2.1448198594953283e-07,2916.15734228052,520.799575876897,-4568.552579594436,4736.237895033397,1201.0,144.0,0.6292848144995107,0.6132211289410786,0.33570460758838755,0.1780253951883856,0.25692401263264536,0.13843762965486187,0.2988843870222918,0.5315783448632119,0.0,16.173794106666907,469.78538873182987,2.098454692924708,61.99993920730253,0.8841809703865768,475.42605088406674,60.63465051180684,-7.029022015219519,2.5856281323991404,0.0,517.125626479828,520.403963126528,0.6247,0.002421001394051643,0.6262785559486717,40000,0.05,20260808,-3.30296577481414,0.08462863824516981,-1.4539299237953274,-0.6149581798656717,-1.4594994771775909
R4,ladder,2D,base,72.0,3000.0,161.6290864866622,245.1965497778358,-4.3215706568844325e-08,2916.15734228052,520.799575876897,-4568.552579594436,4736.237895033397,1201.0,144.0,0.6292848144995107,0.6132211289410786,0.33570460758838755,0.1780253951883856,0.25692401263264536,0.13843762965486187,0.2988843870222918,0.5315783448632119,0.0,16.173794106666907,157.52483906032137,1.3742974309346323,248.09825315601185,1.6729714943976977,160.4976862388448,244.06514948680268,-7.029022015219519,2.5856281323991404,0.0,517.125626479828,520.403963126528,0.6247,0.002421001394051643,0.6262785559486717,40000,0.05,20260808,-2.986433165016991,1.7344607411979374,-2.5393000205315874,-0.8232571948038594,-0.676281870206308
R4,ladder,2D,base,72.0,3500.0,35.86087285414333,617.7872000232253,-3.009063220815733e-07,2916.15734228052,520.799575876897,-4568.552579594436,4736.237895033397,1201.0,144.0,0.6292848144995107,0.6132211289410786,0.33570460758838755,0.1780253951883856,0.25692401263264536,0.13843762965486187,0.2988843870222918,0.5315783448632119,0.0,16.173794106666907,33.734457304753946,0.6445060798333035,622.6667350206623,2.275077407331451,34.55979137055146,616.486118238727,-7.029022015219519,2.5856281323991404,0.0,517.125626479828,520.403963126528,0.6247,0.002421001394051643,0.6262785559486717,40000,0.05,20260808,-3.299294787008628,2.144777571836735,-5.9296257456926345,-2.018726470242743,-0.5718846226091064
R4,ladder,2D,base,72.0,4000.0,5.47299031837486,1085.7581813653692,-5.586007318925112e-07,2916.15734228052,520.799575876897,-4568.552579594436,4736.237895033397,1201.0,144.0,0.6292848144995107,0.6132211289410786,0.33570460758838755,0.1780253951883856,0.25692401263264536,0.13843762965486187,0.2988843870222918,0.5315783448632119,0.0,16.173794106666907,5.12586697306153,0.23374436420128555,1092.4170083091876,2.5113811204892693,5.275424803537404,1085.5606152919306,-7.029022015219519,2.5856281323991404,0.0,517.125626479828,520.403963126528,0.6247,0.002421001394051643,0.6262785559486717,40000,0.05,20260808,-1.4850554643294398,2.6514601425852726,-6.342480529298722,-0.8452204420523506,-0.07866829603309099
R4,ladder,2D,base,168.0,2000.0,917.7464622551119,10.737297781185026,4.638532118406147e-07,2913.9937986554623,520.4214142225621,-4563.731592998991,4735.743995688066,1201.0,336.0,0.6292848144995108,0.6222151217035903,0.3357029659370544,0.17809626850015312,0.2569152457130266,0.13849173137154608,0.2988843870222918,0.5315783448632119,0.0,37.36278470032826,918.5989400320909,2.448854230427679,9.917887938638849,0.3331802878605767,916.9940527256473,9.984888715573787,1.6847628457223192,2.581648957821549,0.0,516.3297915643099,520.0261009845893,0.624225,0.002421611805053609,0.6262785559486713,40000,0.05,20260808,0.3481129119025558,-2.4593587087873248,0.09288815724599608,-0.3072496190731424,-2.25826404810027
R4,ladder,2D,base,168.0,2500.0,472.8003420209838,61.9702357683363,2.1010959017075947e-07,2913.9937986554623,520.4214142225621,-4563.731592998991,4735.743995688066,1201.0,336.0,0.6292848144995108,0.6222151217035903,0.3357029659370544,0.17809626850015312,0.2569152457130266,0.13849173137154608,0.2988843870222918,0.5315783448632119,0.0,37.36278470032826,472.4485042891074,2.100544055086157,59.946510163191036,0.8573406082118478,471.10287992421314,60.27277388167522,1.6847628457223192,2.581648957821549,0.0,516.3297915643099,520.0261009845893,0.624225,0.002421611805053609,0.6262785559486713,40000,0.05,20260808,-0.16749838263305067,-2.3604686232769767,-0.07441571010132764,-0.8081059250628476,-1.9799154156496463
R4,ladder,2D,base,168.0,3000.0,159.86526065258226,245.21421262122993,-4.364987660210318e-08,2913.9937986554623,520.4214142225621,-4563.731592998991,4735.743995688066,1201.0,336.0,0.6292848144995108,0.6222151217035903,0.3357029659370544,0.17809626850015312,0.2569152457130266,0.13849173137154608,0.2988843870222918,0.5315783448632119,0.0,37.36278470032826,159.17822034060907,1.385775722934329,242.85528418222844,1.6462531178661974,158.46512033801926,243.81407226301707,1.6847628457223192,2.581648957821549,0.0,516.3297915643099,520.0261009845893,0.624225,0.002421611805053609,0.6262785559486713,40000,0.05,20260808,-0.49578030600681133,-1.432907499703952,-0.42976210664446013,-1.0103657405674982,-0.8505012643667261
R4,ladder,2D,base,168.0,3500.0,35.36683149962313,616.8948416895652,-2.9740851914539235e-07,2913.9937986554623,520.4214142225621,-4563.731592998991,4735.743995688066,1201.0,336.0,0.6292848144995108,0.6222151217035903,0.3357029659370544,0.17809626850015312,0.2569152457130266,0.13849173137154608,0.2988843870222918,0.5315783448632119,0.0,37.36278470032826,35.035540401616515,0.6565668905574635,614.8916622107718,2.2483717457310237,34.83731019040648,616.36532008294,1.6847628457223192,2.581648957821549,0.0,516.3297915643099,520.0261009845893,0.624225,0.002421611805053609,0.6262785559486713,40000,0.05,20260808,-0.5045808778528733,-0.8909467407233006,-0.9367282393113019,-0.8065001705569717,-0.23551336990004784
R4,ladder,2D,base,168.0,4000.0,5.378756537042922,1083.0858249482708,-5.511587914952543e-07,2913.9937986554623,520.4214142225621,-4563.731592998991,4735.743995688066,1201.0,336.0,0.6292848144995108,0.6222151217035903,0.3357029659370544,0.17809626850015312,0.2569152457130266,0.13849173137154608,0.2988843870222918,0.5315783448632119,0.0,37.36278470032826,5.295140648397679,0.23910338382075283,1081.3303204250885,2.4939864092850033,5.2574176864989335,1082.964485546568,1.6847628457223192,2.581648957821549,0.0,516.3297915643099,520.0261009845893,0.624225,0.002421611805053609,0.6262785559486713,40000,0.05,20260808,-0.3497060029394123,-0.7038949838084867,-1.554557973936721,-0.507474417990471,-0.04865279187206362
R4,ladder,2D,base,336.0,2000.0,907.099806406625,10.750455850461194,4.494773975238786e-07,2910.2075973139417,519.7515545447683,-4555.247628921624,4734.83243429374,1201.0,672.0,0.6292848144995108,0.6255878689895321,0.3357023503178045,0.1781228459920659,0.2569119581181696,0.13851201951530262,0.2988843870222918,0.5315783448632119,0.0,74.44351823923563,910.3509878771716,2.4384670956393744,10.332390661958492,0.35638563913841975,906.8296725967605,10.480322490074007,3.7259764780392435,2.597565581354315,0.0,519.513116270863,519.3567502095358,0.623325,0.002422761566761162,0.6262785559486711,40000,0.05,20260808,1.3332890471889436,-1.17306968236261,0.35841496686299656,-0.11078017429376733,-0.7579804872055095
R4,ladder,2D,base,336.0,2500.0,466.0090388052609,62.047003627117704,2.0255896515664062e-07,2910.2075973139417,519.7515545447683,-4555.247628921624,4734.83243429374,1201.0,672.0,0.6292848144995108,0.6255878689895321,0.3357023503178045,0.1781228459920659,0.2569119581181696,0.13851201951530262,0.2988843870222918,0.5315783448632119,0.0,74.44351823923563,467.7949661089931,2.093357091120221,60.16368402488208,0.8683644637505442,464.8385821371526,60.876547161568396,3.7259764780392435,2.597565581354315,0.0,519.513116270863,519.3567502095358,0.623325,0.002422761566761162,0.6262785559486711,40000,0.05,20260808,0.8531403033471411,-2.1688123833412027,0.3832387689970407,-0.5591290053059818,-1.347886186514359
R4,ladder,2D,base,336.0,3000.0,156.81414986880242,245.23943006865338,-4.433294975569879e-08,2910.2075973139417,519.7515545447683,-4555.247628921624,4734.83243429374,1201.0,672.0,0.6292848144995108,0.6255878689895321,0.3357023503178045,0.1781228459920659,0.2569119581181696,0.13851201951530262,0.2988843870222918,0.5315783448632119,0.0,74.44351823923563,158.2369817666758,1.3838398903542235,242.99301481366706,1.644951182062894,156.69002006621858,245.1153002217366,3.7259764780392435,2.597565581354315,0.0,519.513116270863,519.3567502095358,0.623325,0.002422761566761162,0.6262785559486711,40000,0.05,20260808,1.0281766754889363,-1.365642506283464,0.9073364228060932,-0.08969954071208618,-0.07546111293170356
R4,ladder,2D,base,336.0,3500.0,34.5149825937686,615.3275781716053,-2.912164518420468e-07,2910.2075973139417,519.7515545447683,-4555.247628921624,4734.83243429374,1201.0,672.0,0.6292848144995108,0.6255878689895321,0.3357023503178045,0.1781228459920659,0.2569119581181696,0.13851201951530262,0.2988843870222918,0.5315783448632119,0.0,74.44351823923563,35.33571325859344,0.6571240714321093,612.4790614366868,2.2426526786442973,34.893406862957924,615.7060021495781,3.7259764780392435,2.597565581354315,0.0,519.513116270863,519.3567502095358,0.623325,0.002422761566761162,0.6262785559486711,40000,0.05,20260808,1.2489736725610576,-1.2701550989341848,2.377896794805312,0.575879480970164,0.16873944930321982
R4,ladder,2D,base,336.0,4000.0,5.217196473930545,1078.417107429712,-5.380588845582679e-07,2910.2075973139417,519.7515545447683,-4555.247628921624,4734.83243429374,1201.0,672.0,0.6292848144995108,0.6255878689895321,0.3357023503178045,0.1781228459920659,0.2569119581181696,0.13851201951530262,0.2988843870222918,0.5315783448632119,0.0,74.44351823923563,5.349014289533558,0.24035969273492785,1074.8796775987294,2.4896168487899657,5.267163077855114,1078.4670734955776,3.7259764780392435,2.597565581354315,0.0,519.513116270863,519.3567502095358,0.623325,0.002422761566761162,0.6262785559486711,40000,0.05,20260808,0.5484189720128492,-1.42087318886111,2.5266024820358,0.2078826252273226,0.020069781376171113
