comparison,maturity_h,strike,d_call_TRY_MWh,d_call_pct,d_put_TRY_MWh,d_put_pct,d_p_stress_T,d_mean_p_stress,d_residual_sd_T,d_expected_transitions
sample effect (R1-R0),24.0,2000.0,-0.180102037158008,-0.019425998901167585,-0.18010203712891837,-1.654730977031314,-0.006929315577778761,-0.005792551888891495,-2.742910793306919,-0.053741417754590515
sample effect (R1-R0),24.0,2500.0,-0.768584289379362,-0.1602660253902319,-0.7685842893625434,-1.2241389420368287,-0.006929315577778761,-0.005792551888891495,-2.742910793306919,-0.053741417754590515
sample effect (R1-R0),24.0,3000.0,-1.2720576703859194,-0.7758536173025552,-1.2720576703883921,-0.5157838298911034,-0.006929315577778761,-0.005792551888891495,-2.742910793306919,-0.053741417754590515
sample effect (R1-R0),24.0,3500.0,-0.5113873725388416,-1.3949415981606796,-0.5113873725595113,-0.08264409376229723,-0.006929315577778761,-0.005792551888891495,-2.742910793306919,-0.053741417754590515
sample effect (R1-R0),24.0,4000.0,-0.09791211286729506,-1.7499288813104656,-0.09791211289211788,-0.009006144303474519,-0.006929315577778761,-0.005792551888891495,-2.742910793306919,-0.053741417754590515
sample effect (R1-R0),72.0,2000.0,-0.19221322340763436,-0.020786311762703322,-0.1922132230655791,-1.6626992124589637,-0.006926651614998169,-0.005738154119491856,-2.7517192988005945,-0.1460594009153553
sample effect (R1-R0),72.0,2500.0,-0.7859871234429079,-0.16376537136725788,-0.7859871232833342,-1.206321674086681,-0.006926651614998169,-0.005738154119491856,-2.7517192988005945,-0.1460594009153553
sample effect (R1-R0),72.0,3000.0,-1.2567830344561628,-0.7535429920144778,-1.256783034482794,-0.5020090907385345,-0.006926651614998169,-0.005738154119491856,-2.7517192988005945,-0.1460594009153553
sample effect (R1-R0),72.0,3500.0,-0.5278676974381469,-1.3875053838050915,-0.5278676976616907,-0.08514397521106935,-0.006926651614998169,-0.005738154119491856,-2.7517192988005945,-0.1460594009153553
sample effect (R1-R0),72.0,4000.0,-0.10507062080052076,-1.767836569550131,-0.10507062120245791,-0.00967297459078132,-0.006926651614998169,-0.005738154119491856,-2.7517192988005945,-0.1460594009153553
sample effect (R1-R0),168.0,2000.0,-0.1922171306847531,-0.02092553622759453,-0.19221712969597426,-1.661673771989617,-0.0069266516149986135,-0.0057225372982387945,-2.74969897613596,-0.33060399071320745
sample effect (R1-R0),168.0,2500.0,-0.7850456885738026,-0.16491623496304555,-0.7850456881050292,-1.204116483083352,-0.0069266516149986135,-0.0057225372982387945,-2.74969897613596,-0.33060399071320745
sample effect (R1-R0),168.0,3000.0,-1.248812618529172,-0.7569171126051535,-1.2488126186267436,-0.4988552665468995,-0.0069266516149986135,-0.0057225372982387945,-2.74969897613596,-0.33060399071320745
sample effect (R1-R0),168.0,3500.0,-0.5216162891744531,-1.3900562923959445,-0.5216162898319681,-0.08426038202840862,-0.0069266516149986135,-0.0057225372982387945,-2.74969897613596,-0.33060399071320745
sample effect (R1-R0),168.0,4000.0,-0.10337506368457294,-1.7695320143989224,-0.10337506489986481,-0.009540414300262852,-0.0069266516149986135,-0.0057225372982387945,-2.74969897613596,-0.33060399071320745
sample effect (R1-R0),336.0,2000.0,-0.19221914426339026,-0.02117114622451612,-0.1922191420752224,-1.6598599712538105,-0.006926651614999724,-0.005716680990269674,-2.7461596605691057,-0.6535570228595162
sample effect (R1-R0),336.0,2500.0,-0.7833760033744284,-0.16694973248290018,-0.7833760024139167,-1.200270317496927,-0.006926651614999724,-0.005716680990269674,-2.7461596605691057,-0.6535570228595162
sample effect (R1-R0),336.0,3000.0,-1.234904560105889,-0.7628576960509219,-1.2349045603109232,-0.49336182168719445,-0.006926651614999724,-0.005716680990269674,-2.7461596605691057,-0.6535570228595162
sample effect (R1-R0),336.0,3500.0,-0.5108014309378177,-1.3945300493838155,-0.5108014323594716,-0.08272871380971239,-0.006926651614999724,-0.005716680990269674,-2.7461596605691057,-0.6535570228595162
sample effect (R1-R0),336.0,4000.0,-0.10046142075928532,-1.7724703434483298,-0.10046142341002451,-0.009311745575046822,-0.006926651614999724,-0.005716680990269674,-2.7461596605691057,-0.6535570228595162
"identity check (R2-R1), must be 0",24.0,2000.0,0.0,0.0,0.0,0.0,0.0,0.0,0.0,0.0
"identity check (R2-R1), must be 0",24.0,2500.0,0.0,0.0,0.0,0.0,0.0,0.0,0.0,0.0
"identity check (R2-R1), must be 0",24.0,3000.0,0.0,0.0,0.0,0.0,0.0,0.0,0.0,0.0
"identity check (R2-R1), must be 0",24.0,3500.0,0.0,0.0,0.0,0.0,0.0,0.0,0.0,0.0
"identity check (R2-R1), must be 0",24.0,4000.0,0.0,0.0,0.0,0.0,0.0,0.0,0.0,0.0
"identity check (R2-R1), must be 0",72.0,2000.0,0.0,0.0,0.0,0.0,0.0,0.0,0.0,0.0
"identity check (R2-R1), must be 0",72.0,2500.0,0.0,0.0,0.0,0.0,0.0,0.0,0.0,0.0
"identity check (R2-R1), must be 0",72.0,3000.0,0.0,0.0,0.0,0.0,0.0,0.0,0.0,0.0
"identity check (R2-R1), must be 0",72.0,3500.0,0.0,0.0,0.0,0.0,0.0,0.0,0.0,0.0
"identity check (R2-R1), must be 0",72.0,4000.0,0.0,0.0,0.0,0.0,0.0,0.0,0.0,0.0
"identity check (R2-R1), must be 0",168.0,2000.0,0.0,0.0,0.0,0.0,0.0,0.0,0.0,0.0
"identity check (R2-R1), must be 0",168.0,2500.0,0.0,0.0,0.0,0.0,0.0,0.0,0.0,0.0
"identity check (R2-R1), must be 0",168.0,3000.0,0.0,0.0,0.0,0.0,0.0,0.0,0.0,0.0
"identity check (R2-R1), must be 0",168.0,3500.0,0.0,0.0,0.0,0.0,0.0,0.0,0.0,0.0
"identity check (R2-R1), must be 0",168.0,4000.0,0.0,0.0,0.0,0.0,0.0,0.0,0.0,0.0
"identity check (R2-R1), must be 0",336.0,2000.0,0.0,0.0,0.0,0.0,0.0,0.0,0.0,0.0
"identity check (R2-R1), must be 0",336.0,2500.0,0.0,0.0,0.0,0.0,0.0,0.0,0.0,0.0
"identity check (R2-R1), must be 0",336.0,3000.0,0.0,0.0,0.0,0.0,0.0,0.0,0.0,0.0
"identity check (R2-R1), must be 0",336.0,3500.0,0.0,0.0,0.0,0.0,0.0,0.0,0.0,0.0
"identity check (R2-R1), must be 0",336.0,4000.0,0.0,0.0,0.0,0.0,0.0,0.0,0.0,0.0
TOTAL RAMP EFFECT (R3-R1),24.0,2000.0,-0.2164984137504007,-0.02335628831065049,-0.21649841372723344,-2.022600069939468,0.046011736285899385,-0.014209702473897856,-4.034271094233759,-0.04638726839558771
TOTAL RAMP EFFECT (R3-R1),24.0,2500.0,-1.0897814518564815,-0.22760718129240792,-1.0897814518454254,-1.7572267210990498,0.046011736285899385,-0.014209702473897856,-4.034271094233759,-0.04638726839558771
TOTAL RAMP EFFECT (R3-R1),24.0,3000.0,-2.0746215299071764,-1.275247548802899,-2.0746215299078017,-0.8455623160560123,0.046011736285899385,-0.014209702473897856,-4.034271094233759,-0.04638726839558771
TOTAL RAMP EFFECT (R3-R1),24.0,3500.0,-0.6666380148388171,-1.844152817123046,-0.6666380148519693,-0.10782288908301071,0.046011736285899385,-0.014209702473897856,-4.034271094233759,-0.04638726839558771
TOTAL RAMP EFFECT (R3-R1),24.0,4000.0,-0.11874248674853227,-2.160017366799331,-0.11874248678577715,-0.01092314587863801,0.046011736285899385,-0.014209702473897856,-4.034271094233759,-0.04638726839558771
TOTAL RAMP EFFECT (R3-R1),72.0,2000.0,-0.16681354548506988,-0.018043291734079904,-0.16681354578639151,-1.467382922487599,0.04667551039590534,-0.009501143259990297,-3.1601110363719727,-0.352034577842657
TOTAL RAMP EFFECT (R3-R1),72.0,2500.0,-0.8922819371975947,-0.1862175256280294,-0.8922819373261746,-1.386183246965052,0.04667551039590534,-0.009501143259990297,-3.1601110363719727,-0.352034577842657
TOTAL RAMP EFFECT (R3-R1),72.0,3000.0,-1.6684599190844835,-1.007972055471188,-1.668459919058904,-0.6698117149006235,0.04667551039590534,-0.009501143259990297,-3.1601110363719727,-0.352034577842657
TOTAL RAMP EFFECT (R3-R1),72.0,3500.0,-0.5345579908744398,-1.4248609070586784,-0.5345579906859257,-0.0862965820721636,0.04667551039590534,-0.009501143259990297,-3.1601110363719727,-0.352034577842657
TOTAL RAMP EFFECT (R3-R1),72.0,4000.0,-0.08936321429415717,-1.5306147276193158,-0.08936321395458435,-0.008227720652111657,0.04667551039590534,-0.009501143259990297,-3.1601110363719727,-0.352034577842657
TOTAL RAMP EFFECT (R3-R1),168.0,2000.0,-0.16686196683917842,-0.018169072259784494,-0.16686196776866247,-1.4668585138603858,0.04667551039590567,-0.008150381910215998,-3.1575754723315868,-0.9676940554056799
TOTAL RAMP EFFECT (R3-R1),168.0,2500.0,-0.8922882988702554,-0.18775455833478757,-0.8922882993009438,-1.3852875067854835,0.04667551039590567,-0.008150381910215998,-3.1575754723315868,-0.9676940554056799
TOTAL RAMP EFFECT (R3-R1),168.0,3000.0,-1.6571091529516195,-1.0120498737219934,-1.6571091528479656,-0.6652736494819718,0.04667551039590567,-0.008150381910215998,-3.1575754723315868,-0.9676940554056799
TOTAL RAMP EFFECT (R3-R1),168.0,3500.0,-0.5273095854793368,-1.4250371882106803,-0.5273095848710909,-0.08525189396189321,0.04667551039590567,-0.008150381910215998,-3.1575754723315868,-0.9676940554056799
TOTAL RAMP EFFECT (R3-R1),168.0,4000.0,-0.08791312177562016,-1.5319695145295817,-0.08791312067501167,-0.008114216133292934,0.04667551039590567,-0.008150381910215998,-3.1575754723315868,-0.9676940554056799
TOTAL RAMP EFFECT (R3-R1),336.0,2000.0,-0.16697886293786723,-0.018395059056514014,-0.1669788649935846,-1.4662414731669553,0.04667551039590667,-0.007643846404050025,-3.153512090195818,-2.0450981411408975
TOTAL RAMP EFFECT (R3-R1),336.0,2500.0,-0.8923897477391733,-0.19050031368334247,-0.8923897486311247,-1.3839092720589188,0.04667551039590667,-0.007643846404050025,-3.153512090195818,-2.0450981411408975
TOTAL RAMP EFFECT (R3-R1),336.0,3000.0,-1.6374906769746929,-1.0193298073218482,-1.6374906767701134,-0.6574442428567491,0.04667551039590667,-0.007643846404050025,-3.153512090195818,-2.0450981411408975
TOTAL RAMP EFFECT (R3-R1),336.0,3500.0,-0.5148791776033335,-1.4255422492415217,-0.5148791762989049,-0.08345818362226418,0.04667551039590667,-0.007643846404050025,-3.153512090195818,-2.0450981411408975
TOTAL RAMP EFFECT (R3-R1),336.0,4000.0,-0.08544157974806499,-1.5346724932467848,-0.08544157728329083,-0.007920297107923384,0.04667551039590667,-0.007643846404050025,-3.153512090195818,-2.0450981411408975
slope part (R4-R1),24.0,2000.0,-0.6558334810683846,-0.07075264710840118,-0.6558334812504203,-6.127014153170607,0.03468566656147043,-0.024090574835416323,-9.4420904395962,0.15770449536072828
slope part (R4-R1),24.0,2500.0,-2.5823124674516293,-0.5393309465229477,-2.582312467530521,-4.1638701617537555,0.03468566656147043,-0.024090574835416323,-9.4420904395962,0.15770449536072828
slope part (R4-R1),24.0,3000.0,-4.2498153140731745,-2.612315780979735,-4.249815314058253,-1.7321152933012818,0.03468566656147043,-0.024090574835416323,-9.4420904395962,0.15770449536072828
slope part (R4-R1),24.0,3500.0,-1.7393795404262278,-4.81172931654488,-1.7393795403153263,-0.2813294817732874,0.03468566656147043,-0.024090574835416323,-9.4420904395962,0.15770449536072828
slope part (R4-R1),24.0,4000.0,-0.3746447651068783,-6.815077072834808,-0.3746447648954927,-0.03446364928338084,0.03468566656147043,-0.024090574835416323,-9.4420904395962,0.15770449536072828
slope part (R4-R1),72.0,2000.0,-0.6384015180268534,-0.06905233504714967,-0.6384015186630041,-5.615727918018166,0.03539204071138735,-0.020626393756098316,-8.705726731058348,0.2972833596272153
slope part (R4-R1),72.0,2500.0,-2.4445834813759006,-0.5101798748977312,-2.444583481648877,-3.7977241568103723,0.03539204071138735,-0.020626393756098316,-8.705726731058348,0.2972833596272153
slope part (R4-R1),72.0,3000.0,-3.8973197294846216,-2.3545002991217268,-3.8973197294248507,-1.564598814549007,0.03539204071138735,-0.020626393756098316,-8.705726731058348,0.2972833596272153
slope part (R4-R1),72.0,3500.0,-1.6556305621740393,-4.4130726784467385,-1.6556305617837097,-0.26727737896653236,0.03539204071138735,-0.020626393756098316,-8.705726731058348,0.2972833596272153
slope part (R4-R1),72.0,4000.0,-0.36539687871886795,-6.258524253080675,-0.3653968780067771,-0.03364229313553304,0.03539204071138735,-0.020626393756098316,-8.705726731058348,0.2972833596272153
slope part (R4-R1),168.0,2000.0,-0.6381665985663858,-0.06948794421384658,-0.6381666001427728,-5.610026797589805,0.03539204071138713,-0.019623338761718734,-8.699196525896014,0.5719601498650704
slope part (R4-R1),168.0,2500.0,-2.4415412036059365,-0.5137470601369774,-2.4415412043349463,-3.7905198693258346,0.03539204071138713,-0.019623338761718734,-8.699196525896014,0.5719601498650704
slope part (R4-R1),168.0,3000.0,-3.872633692219722,-2.36514198971233,-3.8726336920586846,-1.554732315004657,0.03539204071138713,-0.019623338761718734,-8.699196525896014,0.5719601498650704
slope part (R4-R1),168.0,3500.0,-1.6363842649733442,-4.42227582430548,-1.6363842639524364,-0.26455968515248574,0.03539204071138713,-0.019623338761718734,-8.699196525896014,0.5719601498650704
slope part (R4-R1),168.0,4000.0,-0.3598120794882913,-6.270066693143185,-0.3598120776007363,-0.033209979836961986,0.03539204071138713,-0.019623338761718734,-8.699196525896014,0.5719601498650704
slope part (R4-R1),336.0,2000.0,-0.6377682587690288,-0.07025910093058778,-0.6377682619644798,-5.600243336172247,0.03539204071138713,-0.01924719313882639,-8.688000226173699,1.052644532781315
slope part (R4-R1),336.0,2500.0,-2.436251643205594,-0.5200717549904806,-2.4362516446290385,-3.7781151623970186,0.03539204071138713,-0.01924719313882639,-8.688000226173699,1.052644532781315
slope part (R4-R1),336.0,3000.0,-3.829703103277268,-2.383971146373637,-3.829703102980062,-1.5376064686189015,0.03539204071138713,-0.01924719313882639,-8.688000226173699,1.052644532781315
slope part (R4-R1),336.0,3500.0,-1.6031456397005641,-4.438617719439281,-1.6031456376657616,-0.2598582913438084,0.03539204071138713,-0.01924719313882639,-8.688000226173699,1.052644532781315
slope part (R4-R1),336.0,4000.0,-0.35021808025247925,-6.290497624060457,-0.35021807649854964,-0.03246465370409789,0.03539204071138713,-0.01924719313882639,-8.688000226173699,1.052644532781315
intercept compensation (R3-R4),24.0,2000.0,0.4393350673179839,0.04742991671935094,0.43933506752318685,4.3723058835352555,0.011326069724428955,0.009880872361518467,5.407819345362441,-0.204091763756316
intercept compensation (R3-R4),24.0,2500.0,1.492531015595148,0.31341410448680485,1.4925310156850955,2.511206832659746,0.011326069724428955,0.009880872361518467,5.407819345362441,-0.204091763756316
intercept compensation (R3-R4),24.0,3000.0,2.175193784165998,1.3729335930915383,2.1751937841504514,0.902179771032392,0.011326069724428955,0.009880872361518467,5.407819345362441,-0.204091763756316
intercept compensation (R3-R4),24.0,3500.0,1.0727415255874106,3.1175863140642543,1.072741525463357,0.17399609500265342,0.011326069724428955,0.009880872361518467,5.407819345362441,-0.204091763756316
intercept compensation (R3-R4),24.0,4000.0,0.255902278358346,4.995507384465988,0.25590227810971555,0.023548619118246822,0.011326069724428955,0.009880872361518467,5.407819345362441,-0.204091763756316
intercept compensation (R3-R4),72.0,2000.0,0.47158797254178353,0.05104429058762877,0.4715879728766126,4.395165533434776,0.011283469684517988,0.011125250496108019,5.545615694686376,-0.6493179374698723
intercept compensation (R3-R4),72.0,2500.0,1.552301544178306,0.3256236154235069,1.5523015443227024,2.506739979598974,0.011283469684517988,0.011125250496108019,5.545615694686376,-0.6493179374698723
intercept compensation (R3-R4),72.0,3000.0,2.228859810400138,1.3789967256815907,2.2288598103659467,0.9090094507387809,0.011283469684517988,0.011125250496108019,5.545615694686376,-0.6493179374698723
intercept compensation (R3-R4),72.0,3500.0,1.1210725712995995,3.1261720144384935,1.121072571097784,0.18146581396565648,0.011283469684517988,0.011125250496108019,5.545615694686376,-0.6493179374698723
intercept compensation (R3-R4),72.0,4000.0,0.2760336644247108,5.043562081554636,0.27603366405219276,0.025423125405794618,0.011283469684517988,0.011125250496108019,5.545615694686376,-0.6493179374698723
intercept compensation (R3-R4),168.0,2000.0,0.4713046317272074,0.05135455718010666,0.47130463237411035,4.389415679613336,0.011283469684518543,0.011472956851502736,5.541621053564427,-1.5396542052707503
intercept compensation (R3-R4),168.0,2500.0,1.5492529047356811,0.32767592724518846,1.5492529050340025,2.4999951764353194,0.011283469684518543,0.011472956851502736,5.541621053564427,-1.5396542052707503
intercept compensation (R3-R4),168.0,3000.0,2.2155245392681024,1.3858699070856053,2.215524539210719,0.9035057615656757,0.011283469684518543,0.011472956851502736,5.541621053564427,-1.5396542052707503
intercept compensation (R3-R4),168.0,3500.0,1.1090746794940074,3.135917560231048,1.1090746790813455,0.179783425655463,0.011283469684518543,0.011472956851502736,5.541621053564427,-1.5396542052707503
intercept compensation (R3-R4),168.0,4000.0,0.27189895771267114,5.055052331149998,0.27189895692572463,0.02510410077047318,0.011283469684518543,0.011472956851502736,5.541621053564427,-1.5396542052707503
intercept compensation (R3-R4),336.0,2000.0,0.47078939583116153,0.05190050670346203,0.47078939697089517,4.379250550112238,0.011283469684519543,0.011603346734776365,5.534488135977881,-3.0977426739222125
intercept compensation (R3-R4),336.0,2500.0,1.5438618954664207,0.33129440995919834,1.5438618959979138,2.4882134603566377,0.011283469684519543,0.011603346734776365,5.534488135977881,-3.0977426739222125
intercept compensation (R3-R4),336.0,3000.0,2.192212426302575,1.397968504842628,2.1922124262099487,0.8939069975803856,0.011283469684519543,0.011603346734776365,5.534488135977881,-3.0977426739222125
intercept compensation (R3-R4),336.0,3500.0,1.0882664620972307,3.153026252123066,1.0882664613668567,0.17685969229602058,0.011283469684519543,0.011603346734776365,5.534488135977881,-3.0977426739222125
intercept compensation (R3-R4),336.0,4000.0,0.26477650050441426,5.0750724422102556,0.2647764992152588,0.02455232742424908,0.011283469684519543,0.011603346734776365,5.534488135977881,-3.0977426739222125
