run,maturity_h,forward_T,residual_sd_T,p_stress_at_expiry,mean_p_stress,mean_q01_per_hour,mean_q10_per_hour,mean_p01_one_hour,mean_p10_one_hour,min_s,max_s,n_nodes_s_ge_0.95,expected_transitions,mc_p_stress_T,mc_p_stress_T_se,ode_p_stress_T_mc_grid,mc_mean_residual_T,mc_mean_residual_T_se,ode_mean_residual_T,mc_residual_sd_T,ode_residual_sd_T_mc_grid
R0,24.0,2917.239114093482,524.0800240935787,0.5984844174723487,0.6115554229830812,0.34223970468425363,0.1679459513514762,0.2617682943895747,0.13182254100286295,0.31094278296331646,0.5393931715784452,0.0,5.469008838984376,0.595025,0.0024544360318360303,0.5984516339333544,-0.13208384466909265,2.606888423402071,0.0,521.3776846804142,524.0644637234972
R1,24.0,2917.239114093482,521.3371133002718,0.59155510189457,0.6057628710941897,0.33361088383699383,0.16796314853133523,0.2562667602965931,0.13235405488621171,0.30729242822727465,0.53262899530503,0.0,5.415267421229785,0.5884,0.002460616995795973,0.5915219065966043,-1.1333091212305269,2.5918695182382523,0.0,518.3739036476504,521.3211400993792
R2,24.0,2917.239114093482,521.3371133002718,0.59155510189457,0.6057628710941897,0.33361088383699383,0.16796314853133523,0.2562667602965931,0.13235405488621171,0.30729242822727465,0.53262899530503,0.0,5.415267421229785,0.5884,0.002460616995795973,0.5915219065966043,-1.1333091212305269,2.5918695182382523,0.0,518.3739036476504,521.3211400993792
R3,24.0,2917.239114093482,517.302842206038,0.6375668381804693,0.5915531686202918,0.33272931294873515,0.16704408503042992,0.2562851897043817,0.13080390126206895,0.2921037034785675,0.5236828864764631,0.0,5.368880152834198,0.635175,0.002406905271167729,0.6376045023883902,-1.3108934589248602,2.5787682605347384,0.0,515.7536521069477,517.3542677252094
R4,24.0,2917.239114093482,511.89502286067557,0.6262407684560404,0.5816722962587734,0.3356772529582697,0.17776988717769035,0.25693218916496535,0.13824425889948333,0.2988843870222918,0.5315783448632119,0.0,5.572971916590514,0.627,0.0024180105458827096,0.6262760933666822,-0.8500175223686949,2.556009131407721,0.0,511.20182628154424,511.9457031466718
R0,72.0,2916.15734228052,532.257021906756,0.6008194254031215,0.6395856768166688,0.34232280833173,0.16794549625913613,0.2618283759636603,0.13181697339093773,0.31094278296331646,0.5393931715784452,0.0,16.022570147955047,0.6007,0.002448772702804407,0.5984541951129102,-5.53830148262359,2.6610848345724953,0.0,532.216966914499,532.2749014423089
R1,72.0,2916.15734228052,529.5053026079554,0.5938927737881233,0.6338475226971769,0.33369198713624315,0.1679625386504006,0.2563257920930969,0.1323484684076164,0.30729242822727465,0.53262899530503,0.0,15.876510747039692,0.594775,0.002454677674232403,0.591525014631417,-4.904946295573037,2.645614981901281,0.0,529.1229963802562,529.5287192945414
R2,72.0,2916.15734228052,529.5053026079554,0.5938927737881233,0.6338475226971769,0.33369198713624315,0.1679625386504006,0.2563257920930969,0.1323484684076164,0.30729242822727465,0.53262899530503,0.0,15.876510747039692,0.594775,0.002454677674232403,0.591525014631417,-4.904946295573037,2.645614981901281,0.0,529.1229963802562,529.5287192945414
R3,72.0,2916.15734228052,526.3451915715834,0.6405682841840287,0.6243463794371866,0.3327539728224407,0.16728437424051357,0.2562770127813871,0.13098740462173192,0.2921037034785675,0.5236828864764631,0.0,15.524476169197035,0.63675,0.002404680007298268,0.6376079935410467,-6.425986815230894,2.6215134390372543,0.0,524.3026878074509,525.964733789615
R4,72.0,2916.15734228052,520.799575876897,0.6292848144995107,0.6132211289410786,0.33570460758838755,0.1780253951883856,0.25692401263264536,0.13843762965486187,0.2988843870222918,0.5315783448632119,0.0,16.173794106666907,0.6247,0.002421001394051643,0.6262785559486717,-7.029022015219519,2.5856281323991404,0.0,517.125626479828,520.403963126528
R0,168.0,2913.9937986554623,531.8703097245941,0.6008194254031223,0.6475609977635478,0.3423365672120944,0.16794533521079374,0.26183862332694297,0.13181597373344908,0.31094278296331646,0.5393931715784452,0.0,37.1214285411764,0.5962,0.002453291462505016,0.5984541951129094,3.6602883789437155,2.6500867238175028,0.0,530.0173447635005,531.8881865427875
R1,168.0,2913.9937986554623,529.1206107484581,0.5938927737881237,0.641838460465309,0.3337054078019934,0.16796235116056835,0.25633584930932873,0.13234746537309358,0.30729242822727465,0.53262899530503,0.0,36.79082455046319,0.587725,0.002461220857496336,0.5915250146314156,4.78467174307571,2.636113916434602,0.0,527.2227832869204,529.1440206306476
R2,168.0,2913.9937986554623,529.1206107484581,0.5938927737881237,0.641838460465309,0.3337054078019934,0.16796235116056835,0.25633584930932873,0.13234746537309358,0.30729242822727465,0.53262899530503,0.0,36.79082455046319,0.587725,0.002461220857496336,0.5915250146314156,4.78467174307571,2.636113916434602,0.0,527.2227832869204,529.1440206306476
R3,168.0,2913.9937986554623,525.9630352761266,0.6405682841840293,0.633688078555093,0.3327516529860305,0.16735103236496623,0.2562682577531047,0.1310387445660122,0.2921037034785675,0.5236828864764631,0.0,35.82313049505751,0.63635,0.0024052477912888726,0.6376079935410486,3.6970983295673947,2.6097687009167423,0.0,521.9537401833485,525.5828668721416
R4,168.0,2913.9937986554623,520.4214142225621,0.6292848144995108,0.6222151217035903,0.3357029659370544,0.17809626850015312,0.2569152457130266,0.13849173137154608,0.2988843870222918,0.5315783448632119,0.0,37.36278470032826,0.624225,0.002421611805053609,0.6262785559486713,1.6847628457223192,2.581648957821549,0.0,516.3297915643099,520.0261009845893
R0,336.0,2910.2075973139417,531.1857144315111,0.6008194254031234,0.6505517431186282,0.342341726792231,0.16794527481766539,0.26184246608817396,0.13181559886189081,0.31094278296331646,0.5393931715784452,0.0,74.04443072931383,0.59355,0.002455852181524776,0.5984541951129093,3.029592493425384,2.648210186300696,0.0,529.6420372601392,531.2035682698034
R1,336.0,2910.2075973139417,528.439554770942,0.5938927737881237,0.6448350621283585,0.3337104405516498,0.16796228085188125,0.2563396207654156,0.13234708923514754,0.30729242822727465,0.53262899530503,0.0,73.39087370645431,0.585775,0.0024629385364590404,0.5915250146314178,3.48809569960284,2.6307512800450645,0.0,526.1502560090129,528.4629345513226
R2,336.0,2910.2075973139417,528.439554770942,0.5938927737881237,0.6448350621283585,0.3337104405516498,0.16796228085188125,0.2563396207654156,0.13234708923514754,0.30729242822727465,0.53262899530503,0.0,73.39087370645431,0.585775,0.0024629385364590404,0.5915250146314178,3.48809569960284,2.6307512800450645,0.0,526.1502560090129,528.4629345513226
R3,336.0,2910.2075973139417,525.2860426807462,0.6405682841840303,0.6371912157243085,0.33275078304737665,0.167376029161636,0.25626497461749875,0.1310579970451173,0.2921037034785675,0.5236828864764631,0.0,71.34577556531342,0.637275,0.002403932062137988,0.6376079935410487,4.437273467966353,2.6219578377467427,0.0,524.3915675493486,524.9063636836044
R4,336.0,2910.2075973139417,519.7515545447683,0.6292848144995108,0.6255878689895321,0.3357023503178045,0.1781228459920659,0.2569119581181696,0.13851201951530262,0.2988843870222918,0.5315783448632119,0.0,74.44351823923563,0.623325,0.002422761566761162,0.6262785559486711,3.7259764780392435,2.597565581354315,0.0,519.513116270863,519.3567502095358
