run,maturity_h,strike,call_mc,call_mc_se,put_mc,put_mc_se,call_mc_mean_matched,put_mc_mean_matched,mc_mean_residual_T,mc_mean_residual_T_se,ode_mean_residual_T,mc_residual_sd_T,ode_residual_sd_T_mc_grid,mc_p_stress_T,mc_p_stress_T_se,ode_p_stress_T_mc_grid,mc_n_paths,mc_dt_hours,mc_seed
R1,72.0,2000.0,923.6838567914111,2.500823380457159,10.617400208941397,0.3448903997713306,923.7641100361254,10.613846043647696,-0.08408339464374003,2.62844315517572,0.0,525.688631035144,529.5442362578937,0.59095,0.002458292585820492,0.5915582024197358,40000,0.25,20260808
R1,72.0,2500.0,478.1083080424134,2.1367800539851545,63.40071508016147,0.8842782167726316,478.1753733649106,63.383972992650726,-0.08408339464374003,2.62844315517572,0.0,525.688631035144,529.5442362578937,0.59095,0.002458292585820492,0.5915582024197358,40000,0.25,20260808
R1,72.0,3000.0,164.8184558554727,1.4079394220637331,248.4697265134386,1.6832916697627307,164.85449835926698,248.42196160722483,-0.08408339464374003,2.62844315517572,0.0,525.688631035144,529.5442362578937,0.59095,0.002458292585820492,0.5915582024197358,40000,0.25,20260808
R1,72.0,3500.0,36.54552755331237,0.6563812007177259,618.555661831496,2.302672056265584,36.55618407583344,618.4825109440092,-0.08408339464374003,2.62844315517572,0.0,525.688631035144,529.5442362578937,0.59095,0.002458292585820492,0.5915582024197358,40000,0.25,20260808
R1,72.0,4000.0,5.0199597865290615,0.22790155618433142,1085.3889576849306,2.5571583661849107,5.021851738809993,1085.3070422272033,-0.08408339464374003,2.62844315517572,0.0,525.688631035144,529.5442362578937,0.59095,0.002458292585820492,0.5915582024197358,40000,0.25,20260808
R3,72.0,2000.0,922.9014253441547,2.4867381817661447,10.50640435472827,0.3457185602850868,923.6247335208167,10.474469528339137,-0.7577300798512918,2.614000944468553,0.0,522.8001888937106,525.9113964588582,0.632625,0.002410449176891104,0.6375703070380878,40000,0.25,20260808
R3,72.0,2500.0,476.9201696899551,2.1233121775917936,62.88401232074642,0.883286036320502,477.5269183120487,62.735517939788785,-0.7577300798512918,2.614000944468553,0.0,522.8001888937106,525.9113964588582,0.632625,0.002410449176891104,0.6375703070380878,40000,0.25,20260808
R3,72.0,3000.0,162.6064088664691,1.4008552920766992,246.92911511747806,1.678737749756161,162.9294019106158,246.4968651585737,-0.7577300798512918,2.614000944468553,0.0,522.8001888937106,525.9113964588582,0.632625,0.002410449176891104,0.6375703070380878,40000,0.25,20260808
R3,72.0,3500.0,35.95583976476096,0.6565651984393571,618.6374096359876,2.290181643967014,36.04929444477817,617.9756213129539,-0.7577300798512918,2.614000944468553,0.0,522.8001888937106,525.9113964588582,0.632625,0.002410449176891104,0.6375703070380878,40000,0.25,20260808
R3,72.0,4000.0,5.131029602576743,0.23338835388928872,1086.1714630940212,2.5406855411786946,5.147869647374736,1085.433060135768,-0.7577300798512918,2.614000944468553,0.0,522.8001888937106,525.9113964588582,0.632625,0.002410449176891104,0.6375703070380878,40000,0.25,20260808
R1,72.0,2000.0,925.341331249751,2.4991889868085755,11.055123231505918,0.3612640261079954,924.2542866819717,11.10402268949424,1.1396847820822662,2.6331346547592567,0.0,526.6269309518514,529.5280991233078,0.5912,0.002458061024466236,0.5915236881506103,40000,0.01,20260808
R1,72.0,2500.0,478.9739313912343,2.139166832653811,63.046586993206944,0.8955457166835186,478.060768038774,63.2693676665141,1.1396847820822662,2.6331346547592567,0.0,526.6269309518514,529.5280991233078,0.5912,0.002458061024466236,0.5915236881506103,40000,0.01,20260808
R1,72.0,3000.0,164.24466570280157,1.4203186165131418,246.6761849249919,1.6866654096306797,163.7567646089757,247.3242278569336,1.1396847820822662,2.6331346547592567,0.0,526.6269309518514,529.5280991233078,0.5912,0.002458061024466236,0.5915236881506103,40000,0.01,20260808
R1,72.0,3500.0,36.81062561306251,0.6846493792771711,617.6010084554706,2.298362685075335,36.66986445318416,618.5961913213598,1.1396847820822662,2.6331346547592567,0.0,526.6269309518514,529.5280991233078,0.5912,0.002458061024466236,0.5915236881506103,40000,0.01,20260808
R1,72.0,4000.0,6.0356144817010895,0.2624559100744771,1085.1848609443268,2.5478577340659965,6.007922107883806,1086.293112596277,1.1396847820822662,2.6331346547592567,0.0,526.6269309518514,529.5280991233078,0.5912,0.002458061024466236,0.5915236881506103,40000,0.01,20260808
R3,72.0,2000.0,926.5355352102719,2.4778684640077255,10.993085313112328,0.365978158753182,924.2414562566928,11.091192264215199,2.4000635679523707,2.613007265687185,0.0,522.601453137437,525.9668705845113,0.63655,0.002404964123952788,0.6376095009754617,40000,0.01,20260808
R3,72.0,2500.0,478.84205390287843,2.1246585535179525,61.658467625936595,0.8902891885632428,476.9128531372534,62.121452764993606,2.4000635679523707,2.613007265687185,0.0,522.601453137437,525.9668705845113,0.63655,0.002404964123952788,0.6376095009754617,40000,0.01,20260808
R3,72.0,3000.0,162.68857165119272,1.4105544156639302,243.86384899446858,1.6762018560909344,161.66552388098393,245.23298712894183,2.4000635679523707,2.613007265687185,0.0,522.601453137437,525.9668705845113,0.63655,0.002404964123952788,0.6376095009754617,40000,0.01,20260808
R3,72.0,3500.0,36.237815777453726,0.6754298681297989,615.7719567409473,2.2827864863537117,35.94584985720647,617.872176725382,2.4000635679523707,2.613007265687185,0.0,522.601453137437,525.9668705845113,0.63655,0.002404964123952788,0.6376095009754617,40000,0.01,20260808
R3,72.0,4000.0,5.727027090200869,0.2571568005331986,1083.620031673912,2.5311312959804546,5.671805085379265,1085.9569955737727,2.4000635679523707,2.613007265687185,0.0,522.601453137437,525.9668705845113,0.63655,0.002404964123952788,0.6376095009754617,40000,0.01,20260808
R1,72.0,2000.0,919.5013362682577,2.5118778725923696,11.239919199740035,0.3565214614549222,924.1727067366519,11.022442744174246,-4.904946295573037,2.645614981901281,0.0,529.1229963802562,529.5287192945414,0.594775,0.002454677674232403,0.591525014631417,40000,0.05,20260808
R1,72.0,2500.0,474.7642601190455,2.145309551216979,64.86170667074569,0.9007299161215344,478.66141480465535,63.870014432395514,-4.904946295573037,2.645614981901281,0.0,529.1229963802562,529.5287192945414,0.594775,0.002454677674232403,0.591525014631417,40000,0.05,20260808
R1,72.0,3000.0,163.90835553138234,1.4144002389301875,252.36466570330015,1.698409062681465,166.0010315698419,249.56849481779983,-4.904946295573037,2.645614981901281,0.0,529.1229963802562,529.5287192945414,0.594775,0.002454677674232403,0.591525014631417,40000,0.05,20260808
R1,72.0,3500.0,36.590016393744015,0.6746456846748564,623.4051901858796,2.3146730513602103,37.200039303892005,619.1263661720676,-4.904946295573037,2.645614981901281,0.0,529.1229963802562,529.5287192945414,0.594775,0.002454677674232403,0.591525014631417,40000,0.05,20260808
R1,72.0,4000.0,5.6766694405554645,0.2483937170037076,1090.8507068529086,2.565556437067285,5.792221963194722,1086.0774124515883,-4.904946295573037,2.645614981901281,0.0,529.1229963802562,529.5287192945414,0.594775,0.002454677674232403,0.591525014631417,40000,0.05,20260808
R3,72.0,2000.0,918.0134754998105,2.4861195404342076,11.268106481086743,0.3595497577606975,924.1427162761657,10.992452283688145,-6.425986815230894,2.6215134390372543,0.0,524.3026878074509,525.964733789615,0.63675,0.002404680007298268,0.6376079935410467,40000,0.05,20260808
R3,72.0,2500.0,472.15197167920354,2.1249729216648805,63.76546628069769,0.8979955033229065,477.28487944849974,62.49347907623984,-6.425986815230894,2.6215134390372543,0.0,524.3026878074509,525.964733789615,0.63675,0.002404680007298268,0.6376079935410467,40000,0.05,20260808
R3,72.0,3000.0,161.02737077277072,1.3964626078055262,250.99972899448255,1.6900424101696219,163.75268225664755,247.32014550460542,-6.425986815230894,2.6215134390372543,0.0,524.3026878074509,525.964733789615,0.63675,0.002404680007298268,0.6376079935410467,40000,0.05,20260808
R3,72.0,3500.0,35.312508713003794,0.6600388419238331,623.6437305549333,2.300107165531919,36.09589845117418,618.0222253193499,-6.425986815230894,2.6215134390372543,0.0,524.3026878074509,525.964733789615,0.63675,0.002404680007298268,0.6376079935410467,40000,0.05,20260808
R3,72.0,4000.0,5.388590209280513,0.24025666844191404,1092.0786756714278,2.5446658252323444,5.533334334780041,1085.8185248231734,-6.425986815230894,2.6215134390372543,0.0,524.3026878074509,525.964733789615,0.63675,0.002404680007298268,0.6376079935410467,40000,0.05,20260808
