sensitivity,run_1d,run_2d,maturity_h,strike,call_1d,call_2d,ramp_effect_TRY_MWh,ramp_effect_pct,base_ramp_effect_TRY_MWh,shift_of_1d_vs_R1,shift_of_2d_vs_R3,p_stress_T_1d,p_stress_T_2d,residual_sd_T_1d,residual_sd_T_2d,max_s_2d
alignment_lag0,S_lag0_1D,S_lag0_2D,24.0,2500.0,478.88404208522894,478.81085091260906,-0.07319117261988595,-0.015283694211480911,-1.0897814518564815,0.0848031207805775,1.101393400017173,0.6089595468037877,0.6604756470856589,521.5849962291071,521.1798883493204,0.5236828864764631
alignment_lag0,S_lag0_1D,S_lag0_2D,24.0,3000.0,162.83743041722926,162.25704094375703,-0.5803894734722235,-0.35642264311413163,-2.0746215299071764,0.15360233579784222,1.6478343922327952,0.6089595468037877,0.6604756470856589,521.5849962291071,521.1798883493204,0.5236828864764631
alignment_lag0,S_lag0_1D,S_lag0_2D,24.0,3500.0,36.18553365287306,36.234324054187766,0.04879040131470447,0.13483399687496553,-0.6666380148388171,0.036793231306489815,0.7522216474600114,0.6089595468037877,0.6604756470856589,521.5849962291071,521.1798883493204,0.5236828864764631
alignment_lag0,S_lag0_1D,S_lag0_2D,72.0,2500.0,479.23418295414484,479.3596917208111,0.12550876666625754,0.0261894437271948,-0.8922819371975947,0.07308671021064583,1.0908774140744981,0.6119122089454496,0.6646844400985736,529.7337553003771,530.1990453102103,0.5236828864764631
alignment_lag0,S_lag0_1D,S_lag0_2D,72.0,3000.0,165.66186376741624,165.46367752655993,-0.19818624085630177,-0.11963298996475658,-1.6684599190844835,0.13545755126941117,1.605731229497593,0.6119122089454496,0.6646844400985736,529.7337553003771,530.1990453102103,0.5236828864764631
alignment_lag0,S_lag0_1D,S_lag0_2D,72.0,3500.0,37.54601993498338,37.73371312122585,0.18769318624246978,0.4999016848323443,-0.5345579908744398,0.02951651866600713,0.7517676957829167,0.6119122089454496,0.6646844400985736,529.7337553003771,530.1990453102103,0.5236828864764631
alignment_lag0,S_lag0_1D,S_lag0_2D,168.0,2500.0,475.3150833098821,475.4387272966158,0.12364398673372534,0.02601305766960388,-0.8922882988702554,0.07320008529234201,1.0891323708963228,0.6119122089454511,0.6646844400985742,529.3488083004333,529.8139807085803,0.5236828864764631
alignment_lag0,S_lag0_1D,S_lag0_2D,168.0,3000.0,163.8725367747245,163.6769467416348,-0.1955900330897009,-0.11935497975391596,-1.6571091529516195,0.13464242992250774,1.5961615497844264,0.6119122089454511,0.6646844400985742,529.3488083004333,529.8139807085803,0.5236828864764631
alignment_lag0,S_lag0_1D,S_lag0_2D,168.0,3500.0,37.03198017128683,37.218959345063816,0.18697917377698303,0.5049127076438636,-0.5273095854793368,0.028764406690356736,0.7430531659466766,0.6119122089454511,0.6646844400985742,529.3488083004333,529.8139807085803,0.5236828864764631
alignment_lag0,S_lag0_1D,S_lag0_2D,336.0,2500.0,468.5187064855512,468.6389712919286,0.12026480637740633,0.02566915786128066,-0.8923897477391733,0.07341603708471212,1.0860705912012918,0.611912208945453,0.6646844400985742,528.6674582955786,529.132030772135,0.5236828864764631
alignment_lag0,S_lag0_1D,S_lag0_2D,336.0,3000.0,160.77711710943137,160.58586795453937,-0.1912491548920059,-0.1189529693842153,-1.6374906769746929,0.13326413735168785,1.5795056594343748,0.611912208945453,0.6646844400985742,528.6674582955786,529.132030772135,0.5236828864764631
alignment_lag0,S_lag0_1D,S_lag0_2D,336.0,3500.0,36.14562246112278,36.33123660988776,0.1856141487649836,0.5135176437053339,-0.5148791776033335,0.027494227653612313,0.7279875540219294,0.611912208945453,0.6646844400985742,528.6674582955786,529.132030772135,0.5236828864764631
alignment_lag2,S_lag2_1D,S_lag2_2D,24.0,2500.0,479.05058873248396,476.92033919192664,-2.1302495405573154,-0.4446815410860313,-1.0897814518564815,0.2513497680355954,-0.7891183206652386,0.5763925800366673,0.6127592557207538,522.2845851383736,514.5215285762542,0.5236828864764631
alignment_lag2,S_lag2_1D,S_lag2_2D,24.0,3000.0,163.09427599220933,159.51971690624504,-3.574559085964296,-2.1917133904411488,-2.0746215299071764,0.4104479107779184,-1.0894896452792011,0.5763925800366673,0.6127592557207538,522.2845851383736,514.5215285762542,0.5236828864764631
alignment_lag2,S_lag2_1D,S_lag2_2D,24.0,3500.0,36.329613543599415,34.92504415066596,-1.4045693929334533,-3.8661831380282097,-0.6666380148388171,0.18087312203284256,-0.5570582560617936,0.5763925800366673,0.6127592557207538,522.2845851383736,514.5215285762542,0.5236828864764631
alignment_lag2,S_lag2_1D,S_lag2_2D,72.0,2500.0,479.4247499727146,477.4881941622021,-1.936555810512516,-0.40393321592653086,-0.8922819371975947,0.2636537287804117,-0.7806201445345096,0.5784589765601996,0.6162533572997791,530.4729284802248,523.5474611606187,0.5236828864764631
alignment_lag2,S_lag2_1D,S_lag2_2D,72.0,3000.0,165.9361968192011,162.78170913970112,-3.1544876794999652,-1.901024453957443,-1.6684599190844835,0.40979060305426174,-1.07623715736122,0.5784589765601996,0.6162533572997791,530.4729284802248,523.5474611606187,0.5236828864764631
alignment_lag2,S_lag2_1D,S_lag2_2D,72.0,3500.0,37.707797372900174,36.426826561383564,-1.2809708115166103,-3.3970979499248553,-0.5345579908744398,0.19129395658280401,-0.5551188640593665,0.5784589765601996,0.6162533572997791,530.4729284802248,523.5474611606187,0.5236828864764631
alignment_lag2,S_lag2_1D,S_lag2_2D,168.0,2500.0,475.5050890528534,473.5705287449998,-1.9345603078535873,-0.40684323940822364,-0.8922882988702554,0.2632058282636649,-0.779066180719667,0.5784589765601997,0.6162533572997801,530.0876169907945,523.1674358649088,0.5236828864764631
alignment_lag2,S_lag2_1D,S_lag2_2D,168.0,3000.0,164.1450598160517,161.01069126858812,-3.1343685474635947,-1.9095113498853442,-1.6571091529516195,0.40716547124972635,-1.0700939232622488,0.5784589765601997,0.6162533572997801,530.0876169907945,523.1674358649088,0.5236828864764631
alignment_lag2,S_lag2_1D,S_lag2_2D,168.0,3500.0,37.192549248332924,35.92698527177296,-1.2655639765599602,-3.4027352309459844,-0.5273095854793368,0.18933348373644776,-0.5489209073441756,0.5784589765601997,0.6162533572997801,530.0876169907945,523.1674358649088,0.5236828864764631
alignment_lag2,S_lag2_1D,S_lag2_2D,336.0,2500.0,468.707681081904,466.7765530538792,-1.9311280280248297,-0.41201117582866664,-0.8923897477391733,0.2623906334375192,-0.7763476468481372,0.5784589765601997,0.6162533572997806,529.4053165188852,522.4940421822805,0.5236828864764631
alignment_lag2,S_lag2_1D,S_lag2_2D,336.0,3000.0,161.04638918222216,157.94694770624835,-3.099441475973805,-1.9245644014202778,-1.6374906769746929,0.4025362101424719,-1.0594145888566402,0.5784589765601997,0.6162533572997806,529.4053165188852,522.4940421822805,0.5236828864764631
alignment_lag2,S_lag2_1D,S_lag2_2D,336.0,3500.0,36.30403786981188,35.06504391080713,-1.2389939590047518,-3.4128268691428953,-0.5148791776033335,0.18590963634271418,-0.5382051450587042,0.5784589765601997,0.6162533572997806,529.4053165188852,522.4940421822805,0.5236828864764631
alpha_sample_full,S_alphaFull_1D,S_alphaFull_2D,24.0,2500.0,479.5685718058348,478.557111059478,-1.0114607463567609,-0.21091055707592862,-1.0897814518564815,0.7693328413864151,0.8476535468861357,0.5984911935635737,0.6449766452772384,524.0826867643074,520.3609738027013,0.5302546069481584
alpha_sample_full,S_alphaFull_1D,S_alphaFull_2D,24.0,3000.0,163.95712661335838,162.0254749464004,-1.9316516669579755,-1.1781443764339514,-2.0746215299071764,1.2732985319269687,1.4162683948761696,0.5984911935635737,0.6449766452772384,524.0826867643074,520.3609738027013,0.5302546069481584
alpha_sample_full,S_alphaFull_1D,S_alphaFull_2D,24.0,3500.0,36.660624935899264,36.04417175307281,-0.6164531828264543,-1.681513023589523,-0.6666380148388171,0.5118845143326922,0.562069346345055,0.5984911935635737,0.6449766452772384,524.0826867643074,520.3609738027013,0.5302546069481584
alpha_sample_full,S_alphaFull_1D,S_alphaFull_2D,72.0,2500.0,479.94784807950083,479.1342644910961,-0.8135835884047538,-0.16951499869418893,-0.8922819371975947,0.7867518355666334,0.8654501843594744,0.6008261993551907,0.6479517027299458,532.2596902842466,529.4004201847032,0.5302546069481584
alpha_sample_full,S_alphaFull_1D,S_alphaFull_2D,72.0,3000.0,166.78441356879983,165.2511098642088,-1.5333037045910487,-0.9193327312678108,-1.6684599190844835,1.25800735265301,1.3931635671464448,0.6008261993551907,0.6479517027299458,532.2596902842466,529.4004201847032,0.5302546069481584
alpha_sample_full,S_alphaFull_1D,S_alphaFull_2D,72.0,3500.0,38.04488384519789,37.56157350944064,-0.48331033575724547,-1.2703688036578142,-0.5345579908744398,0.5283804288805172,0.5796280839977115,0.6008261993551907,0.6479517027299458,532.2596902842466,529.4004201847032,0.5302546069481584
alpha_sample_full,S_alphaFull_1D,S_alphaFull_2D,168.0,2500.0,476.0276927201221,475.2140439094825,-0.81364881063962,-0.1709246800307478,-0.8922882988702554,0.7858094955323622,0.8644489837629976,0.6008261993551907,0.6479517027299457,531.8729761412952,529.0160166483861,0.5302546069481584
alpha_sample_full,S_alphaFull_1D,S_alphaFull_2D,168.0,3000.0,164.98792351552225,163.46508438638168,-1.5228391291405785,-0.923000360688404,-1.6571091529516195,1.2500291707202678,1.3842991945313088,0.6008261993551907,0.6479517027299457,531.8729761412952,529.0160166483861,0.5302546069481584
alpha_sample_full,S_alphaFull_1D,S_alphaFull_2D,168.0,3500.0,37.525338697438364,37.0486553836614,-0.4766833137769666,-1.2702971653910935,-0.5273095854793368,0.5221229328418886,0.5727492045442588,0.6008261993551907,0.6479517027299457,531.8729761412952,529.0160166483861,0.5302546069481584
alpha_sample_full,S_alphaFull_1D,S_alphaFull_2D,336.0,2500.0,469.22942865366923,468.41557450796523,-0.8138541457039992,-0.17344482165987332,-0.8923897477391733,0.784138205202737,0.8626738072379112,0.6008261993551907,0.6479517027299457,531.1883774160932,528.3350943651012,0.5302546069481584
alpha_sample_full,S_alphaFull_1D,S_alphaFull_2D,336.0,3000.0,161.87996053427165,160.37519673471908,-1.5047637995525633,-0.9295553288907489,-1.6374906769746929,1.236107562191961,1.3688344396140906,0.6008261993551907,0.6479517027299457,531.1883774160932,528.3350943651012,0.5302546069481584
alpha_sample_full,S_alphaFull_1D,S_alphaFull_2D,336.0,3500.0,36.62942577707494,36.16409931050413,-0.465326466570815,-1.2703624386654904,-0.5148791776033335,0.5112975436057781,0.5608502546382965,0.6008261993551907,0.6479517027299457,531.1883774160932,528.3350943651012,0.5302546069481584
ramp_scaler_W_T,R1 (unchanged),S_rampWT_2D,24.0,2500.0,478.79923896444836,477.706071777996,-1.0931671864523764,-0.22831431161350402,-1.0897814518564815,0.0,-0.0033857345958949736,0.59155510189457,0.6385598844261254,521.3371133002718,517.2877189898711,0.5234682034321224
ramp_scaler_W_T,R1 (unchanged),S_rampWT_2D,24.0,3000.0,162.68382808143141,160.5954051693515,-2.0884229120799205,-1.2837311100366782,-2.0746215299071764,0.0,-0.01380138217274407,0.59155510189457,0.6385598844261254,521.3371133002718,517.2877189898711,0.5234682034321224
ramp_scaler_W_T,R1 (unchanged),S_rampWT_2D,24.0,3500.0,36.14874042156657,35.48169325697758,-0.6670471645889933,-1.845284667764049,-0.6666380148388171,0.0,-0.00040914975017614097,0.59155510189457,0.6385598844261254,521.3371133002718,517.2877189898711,0.5234682034321224
ramp_scaler_W_T,R1 (unchanged),S_rampWT_2D,72.0,2500.0,479.1610962439342,478.2696954134568,-0.8914008304773802,-0.18603364034871073,-0.8922819371975947,0.0,0.000881106720214575,0.5938927737881233,0.6415747187221927,529.5053026079554,526.347692620557,0.5234682034321224
ramp_scaler_W_T,R1 (unchanged),S_rampWT_2D,72.0,3000.0,165.52640621614682,163.8522509727283,-1.674155243418511,-1.0114127900731285,-1.6684599190844835,0.0,-0.0056953243340274184,0.5938927737881233,0.6415747187221927,529.5053026079554,526.347692620557,0.5234682034321224
ramp_scaler_W_T,R1 (unchanged),S_rampWT_2D,72.0,3500.0,37.51650341631737,36.984484452859995,-0.5320189634573751,-1.4180931457113874,-0.5345579908744398,0.0,0.0025390274170646876,0.5938927737881233,0.6415747187221927,529.5053026079554,526.347692620557,0.5234682034321224
ramp_scaler_W_T,R1 (unchanged),S_rampWT_2D,168.0,2500.0,475.24188322458974,474.3504431889058,-0.8914400356839565,-0.18757606750385675,-0.8922882988702554,0.0,0.0008482631862989365,0.5938927737881237,0.6415747187221937,529.1206107484581,525.9655392233866,0.5234682034321224
ramp_scaler_W_T,R1 (unchanged),S_rampWT_2D,168.0,3000.0,163.737894344802,162.07514877464698,-1.6627455701550105,-1.0154922150480163,-1.6571091529516195,0.0,-0.00563641720339092,0.5938927737881237,0.6415747187221937,529.1206107484581,525.9655392233866,0.5234682034321224
ramp_scaler_W_T,R1 (unchanged),S_rampWT_2D,168.0,3500.0,37.003215764596476,36.47844375246761,-0.5247720121288637,-1.418179477879188,-0.5273095854793368,0.0,0.00253757335047311,0.5938927737881237,0.6415747187221937,529.1206107484581,525.9655392233866,0.5234682034321224
ramp_scaler_W_T,R1 (unchanged),S_rampWT_2D,336.0,2500.0,468.4452904484665,467.55368920963275,-0.8916012388337435,-0.19033198903124168,-0.8923897477391733,0.0,0.0007885089054298078,0.5938927737881237,0.6415747187221937,528.439554770942,525.2885433864496,0.5234682034321224
ramp_scaler_W_T,R1 (unchanged),S_rampWT_2D,336.0,3000.0,160.64385297207969,159.00082475375268,-1.6430282183270037,-1.02277689928949,-1.6374906769746929,0.0,-0.005537541352310882,0.5938927737881237,0.6415747187221937,528.439554770942,525.2885433864496,0.5234682034321224
ramp_scaler_W_T,R1 (unchanged),S_rampWT_2D,336.0,3500.0,36.118128233469164,35.605781574255985,-0.5123466592131791,-1.4185304839202848,-0.5148791776033335,0.0,0.002532518390154337,0.5938927737881237,0.6415747187221937,528.439554770942,525.2885433864496,0.5234682034321224
scenario_constant0,S_constant0_1D,S_constant0_2D,24.0,2500.0,486.7369768215921,488.15276285207096,1.4157860304788414,0.29087291451000274,-1.0897814518564815,7.937737857143759,10.443305339479082,0.6647249449465812,0.6767266222916974,548.6578388665142,553.4638609148501,0.383312291667565
scenario_constant0,S_constant0_1D,S_constant0_2D,24.0,3000.0,175.48875316391374,177.45355041203243,1.9647972481186855,1.119614341486308,-2.0746215299071764,12.804925082482328,16.84434386050819,0.6647249449465812,0.6767266222916974,548.6578388665142,553.4638609148501,0.383312291667565
scenario_constant0,S_constant0_1D,S_constant0_2D,24.0,3500.0,41.437374976613135,42.4859829702991,1.0486079936859625,2.530584995496908,-0.6666380148388171,5.288634555046563,7.003880563571343,0.6647249449465812,0.6767266222916974,548.6578388665142,553.4638609148501,0.383312291667565
scenario_constant0,S_constant0_1D,S_constant0_2D,72.0,2500.0,487.47114219213216,488.96044037508887,1.489298182956702,0.30551514829358023,-0.8922819371975947,8.310045948197967,10.691626068352264,0.6647289461530186,0.6767321939795948,557.6808075938325,562.6823628943122,0.383312291667565
scenario_constant0,S_constant0_1D,S_constant0_2D,72.0,3000.0,178.4888639986235,180.52673538859665,2.037871389973162,1.1417358732188907,-1.6684599190844835,12.962457782476662,16.668789091534308,0.6647289461530186,0.6767321939795948,557.6808075938325,562.6823628943122,0.383312291667565
scenario_constant0,S_constant0_1D,S_constant0_2D,72.0,3500.0,43.12933401202345,44.238863078378174,1.1095290663547246,2.5725624839127215,-0.5345579908744398,5.612830595706079,7.256917652935243,0.6647289461530186,0.6767321939795948,557.6808075938325,562.6823628943122,0.383312291667565
scenario_constant0,S_constant0_1D,S_constant0_2D,168.0,2500.0,483.54122380623863,485.0270949213881,1.4858711151494504,0.3072894392443484,-0.8922882988702554,8.299340581648892,10.677499995668597,0.6647289461530186,0.6767321939795948,557.2758566147616,562.2738410488844,0.383312291667565
scenario_constant0,S_constant0_1D,S_constant0_2D,168.0,3000.0,176.6199215310408,178.64591109811974,2.0259895670789376,1.1470900618211812,-1.6571091529516195,12.882027186238815,16.565125906269373,0.6647289461530186,0.6767321939795948,557.2758566147616,562.2738410488844,0.383312291667565
scenario_constant0,S_constant0_1D,S_constant0_2D,168.0,3500.0,42.54981496301022,43.647996340287705,1.0981813772774842,2.5809310292704324,-0.5273095854793368,5.546599198413745,7.172090161170566,0.6647289461530186,0.6767321939795948,557.2758566147616,562.2738410488844,0.383312291667565
scenario_constant0,S_constant0_1D,S_constant0_2D,336.0,2500.0,476.7254247994596,478.20523667706317,1.479811877603595,0.3104117801617348,-0.8923897477391733,8.28013435099308,10.652335976335848,0.6647289461530186,0.6767321939795948,556.5585587102262,561.5501099861399,0.383312291667565
scenario_constant0,S_constant0_1D,S_constant0_2D,336.0,3000.0,173.3852149956436,175.39042496174923,2.005209966105639,1.156505741366714,-1.6374906769746929,12.741362023563909,16.38406266664424,0.6647289461530186,0.6767321939795948,556.5585587102262,561.5501099861399,0.383312291667565
scenario_constant0,S_constant0_1D,S_constant0_2D,336.0,3500.0,41.54994355182691,42.628416869214064,1.0784733173871572,2.5956071782430565,-0.5148791776033335,5.431815318357742,7.025167813348233,0.6647289461530186,0.6767321939795948,556.5585587102262,561.5501099861399,0.383312291667565
scenario_observed,S_observed_1D,S_observed_2D,24.0,2500.0,478.749706971512,477.68418142770474,-1.0655255438072686,-0.22256421848226274,-1.0897814518564815,-0.0495319929363518,-0.02527608488713895,0.5915547230397876,0.6375667951587092,521.1550114293386,517.2085137564688,0.5236828864764631
scenario_observed,S_observed_1D,S_observed_2D,24.0,3000.0,162.60237368881585,160.56647081511096,-2.0359028737048845,-1.2520745100567485,-2.0746215299071764,-0.0814543926155693,-0.042735736413277436,0.5915547230397876,0.6375667951587092,521.1550114293386,517.2085137564688,0.5236828864764631
scenario_observed,S_observed_1D,S_observed_2D,24.0,3500.0,36.11435797281291,35.46465514325925,-0.6497028295536609,-1.7990153114247822,-0.6666380148388171,-0.03438244875366081,-0.01744726346850456,0.5915547230397876,0.6375667951587092,521.1550114293386,517.2085137564688,0.5236828864764631
scenario_observed,S_observed_1D,S_observed_2D,72.0,2500.0,479.1610710243428,478.26880169155356,-0.8922693327892262,-0.18621490491323664,-0.8922819371975947,-2.5219591407221742e-05,-1.2615183038633404e-05,0.5938927737881241,0.6405682841840286,529.5052127366662,526.3451462340898,0.5236828864764631
scenario_observed,S_observed_1D,S_observed_2D,72.0,3000.0,165.52636634419977,163.85792589529214,-1.6684404489076314,-1.0079605356878514,-1.6684599190844835,-3.987194705246111e-05,-2.0401770200351166e-05,0.5938927737881241,0.6405682841840286,529.5052127366662,526.3451462340898,0.5236828864764631
scenario_observed,S_observed_1D,S_observed_2D,72.0,3500.0,37.51648581217934,36.981936677531536,-0.5345491346478042,-1.424837969430144,-0.5345579908744398,-1.760413802998073e-05,-8.747911394380026e-06,0.5938927737881241,0.6405682841840286,529.5052127366662,526.3451462340898,0.5236828864764631
scenario_observed,S_observed_1D,S_observed_2D,168.0,2500.0,475.24188322458673,474.34959492575643,-0.8922882988302945,-0.18775455832638022,-0.8922882988702554,-3.0127011996228248e-12,3.694822225952521e-11,0.5938927737881259,0.6405682841840293,529.1206107484331,525.9630352761133,0.5236828864764631
scenario_observed,S_observed_1D,S_observed_2D,168.0,3000.0,163.73789434479647,162.08078519186284,-1.6571091529336286,-1.01204987371104,-1.6571091529516195,-5.5138116294983774e-12,1.247713043994736e-11,0.5938927737881259,0.6405682841840293,529.1206107484331,525.9630352761133,0.5236828864764631
scenario_observed,S_observed_1D,S_observed_2D,168.0,3500.0,37.00321576459178,36.4759061791178,-0.5273095854739793,-1.4250371881963828,-0.5273095854793368,-4.696687483374262e-12,6.608047442568932e-13,0.5938927737881259,0.6405682841840293,529.1206107484331,525.9630352761133,0.5236828864764631
scenario_observed,S_observed_1D,S_observed_2D,336.0,2500.0,468.44529044847104,467.55290070077075,-0.8923897477002924,-0.1905003136750406,-0.8923897477391733,4.547473508864641e-12,4.3428372009657323e-11,0.5938927737881268,0.6405682841840303,528.4395547709433,525.2860426807462,0.5236828864764631
scenario_observed,S_observed_1D,S_observed_2D,336.0,3000.0,160.64385297208122,159.00636229511937,-1.6374906769618462,-1.0193298073138415,-1.6374906769746929,1.5347723092418164e-12,1.4381384971784428e-11,0.5938927737881268,0.6405682841840303,528.4395547709433,525.2860426807462,0.5236828864764631
scenario_observed,S_observed_1D,S_observed_2D,336.0,3500.0,36.11812823346943,35.603249055869036,-0.5148791776003918,-1.425542249233367,-0.5148791776033335,2.6290081223123707e-13,3.204547738278052e-12,0.5938927737881268,0.6405682841840303,528.4395547709433,525.2860426807462,0.5236828864764631
scenario_offm2,S_offm2_1D,S_offm2_2D,24.0,2500.0,502.1652651309366,502.43175525853127,0.26649012759469315,0.05306821202083889,-1.0897814518564815,23.36602616648821,24.722297745939386,0.794163248520783,0.8356362048397789,598.5677264638834,599.4296471270927,0.7896607430564869
scenario_offm2,S_offm2_1D,S_offm2_2D,24.0,3000.0,197.8632487523167,198.18873765298304,0.3254889006663291,0.16450194905764076,-2.0746215299071764,35.17942067088529,37.5795311014588,0.794163248520783,0.8356362048397789,598.5677264638834,599.4296471270927,0.7896607430564869
scenario_offm2,S_offm2_1D,S_offm2_2D,24.0,3500.0,52.5383989931192,52.75267383022197,0.21427483710277073,0.407844245750301,-0.6666380148388171,16.38965857155263,17.270571423494218,0.794163248520783,0.8356362048397789,598.5677264638834,599.4296471270927,0.7896607430564869
scenario_offm2,S_offm2_1D,S_offm2_2D,72.0,2500.0,502.80715552884993,503.19548306446313,0.3883275356132003,0.07723190319452782,-0.8922819371975947,23.646059284915736,24.92666875772653,0.7957006215002546,0.8369058541855854,606.7110306992626,608.003295058254,0.7896607430564869
scenario_offm2,S_offm2_1D,S_offm2_2D,72.0,3000.0,200.25520942035666,200.7384300919714,0.48322067161473115,0.2413024225504168,-1.6684599190844835,34.72880320420984,36.880483794909054,0.7957006215002546,0.8369058541855854,606.7110306992626,608.003295058254,0.7896607430564869
scenario_offm2,S_offm2_1D,S_offm2_2D,72.0,3500.0,54.247736770587984,54.55708699970176,0.3093502291137753,0.5702546272520234,-0.5345579908744398,16.731233354270614,17.57514157425883,0.7957006215002546,0.8369058541855854,606.7110306992626,608.003295058254,0.7896607430564869
scenario_offm2,S_offm2_1D,S_offm2_2D,168.0,2500.0,498.8457684557774,499.232932738881,0.3871642831036297,0.07761202110667033,-0.8922882988702554,23.603885231187633,24.883337813161518,0.7957006215002546,0.8369058541855854,606.2695459572526,607.5609376961628,0.7896607430564869
scenario_offm2,S_offm2_1D,S_offm2_2D,168.0,3000.0,198.25635257975594,198.736921267602,0.4805686878460733,0.2423976238808019,-1.6571091529516195,34.518458234953954,36.65613607575165,0.7957006215002546,0.8369058541855854,606.2695459572526,607.5609376961628,0.7896607430564869
scenario_offm2,S_offm2_1D,S_offm2_2D,168.0,3500.0,53.54926479502886,53.85577220016696,0.30650740513809893,0.5723839651418574,-0.5273095854793368,16.546049030432386,17.37986602104982,0.7957006215002546,0.8369058541855854,606.2695459572526,607.5609376961628,0.7896607430564869
scenario_offm2,S_offm2_1D,S_offm2_2D,336.0,2500.0,491.97501295434375,492.36009272311816,0.3850797687744034,0.0782722208719449,-0.8923897477391733,23.52972250587726,24.807192022390836,0.7957006215002546,0.8369058541855854,605.4891864758016,606.7789152608195,0.7896607430564869
scenario_offm2,S_offm2_1D,S_offm2_2D,336.0,3000.0,194.79562890062223,195.27151362265715,0.4758847220349196,0.24429948696523318,-1.6374906769746929,34.15177592854255,36.26515132755216,0.7957006215002546,0.8369058541855854,605.4891864758016,606.7789152608195,0.7896607430564869
scenario_offm2,S_offm2_1D,S_offm2_2D,336.0,3500.0,52.343540414686345,52.64507304830497,0.3015326336186277,0.5760646513968414,-0.5148791776033335,16.22541218121718,17.04182399243914,0.7957006215002546,0.8369058541855854,605.4891864758016,606.7789152608195,0.7896607430564869
scenario_offp2,S_offp2_1D,S_offp2_2D,24.0,2500.0,448.73859927755444,446.6445733184779,-2.094025959076532,-0.46664716662391065,-1.0897814518564815,-30.06063968689392,-31.064884194113972,0.31274279085863865,0.33844071059812275,392.5336892045402,381.53178353643784,0.37468101864453235
scenario_offp2,S_offp2_1D,S_offp2_2D,24.0,3000.0,102.98597402720813,98.2374681731776,-4.748505854030526,-4.61082773541182,-2.0746215299071764,-59.697854054223285,-62.371738378346635,0.31274279085863865,0.33844071059812275,392.5336892045402,381.53178353643784,0.37468101864453235
scenario_offp2,S_offp2_1D,S_offp2_2D,24.0,3500.0,17.433591021957717,16.26625971512649,-1.167331306831226,-6.695874105116754,-0.6666380148388171,-18.715149399608855,-19.215842691601264,0.31274279085863865,0.33844071059812275,392.5336892045402,381.53178353643784,0.37468101864453235
scenario_offp2,S_offp2_1D,S_offp2_2D,72.0,2500.0,448.0692385899303,446.127375356954,-1.9418632329762886,-0.43338463472460503,-0.8922819371975947,-31.09185765400389,-32.14143894978258,0.31453687707231115,0.3412232080659602,400.05522966821155,390.37712550154305,0.37468101864453235
scenario_offp2,S_offp2_1D,S_offp2_2D,72.0,3000.0,106.33885725961547,102.20929136804965,-4.129565891565818,-3.8834025472776186,-1.6684599190844835,-59.18754895653136,-61.64865492901269,0.31453687707231115,0.3412232080659602,400.05522966821155,390.37712550154305,0.37468101864453235
scenario_offp2,S_offp2_1D,S_offp2_2D,72.0,3500.0,18.049497388235665,16.969667852653647,-1.079829535582018,-5.982601688874901,-0.5345579908744398,-19.467006028081705,-20.012277572789284,0.31453687707231115,0.3412232080659602,400.05522966821155,390.37712550154305,0.37468101864453235
scenario_offp2,S_offp2_1D,S_offp2_2D,168.0,2500.0,444.1601156665675,442.2164049085517,-1.9437107580158113,-0.4376148801877027,-0.8922882988702554,-31.08176755802225,-32.133190017167806,0.3145368772763376,0.34122320830055713,399.7655258804546,390.0949892609208,0.37468101864453235
scenario_offp2,S_offp2_1D,S_offp2_2D,168.0,3000.0,104.98613686970646,100.88598117759703,-4.100155692109425,-3.905425815598818,-1.6571091529516195,-58.75175747509553,-61.194804014253336,0.3145368772763376,0.34122320830055713,399.7655258804546,390.0949892609208,0.37468101864453235
scenario_offp2,S_offp2_1D,S_offp2_2D,168.0,3500.0,17.785235590732608,16.72108029504745,-1.0641552956851577,-5.9833635053991605,-0.5273095854793368,-19.217980173863868,-19.75482588406969,0.3145368772763376,0.34122320830055713,399.7655258804546,390.0949892609208,0.37468101864453235
scenario_offp2,S_offp2_1D,S_offp2_2D,336.0,2500.0,437.3824008399268,435.4354026353836,-1.9469982045432062,-0.44514781591675623,-0.8923897477391733,-31.062889608539706,-32.11749806534374,0.31453687727633883,0.3412232083005568,399.25097046232565,389.5928807367237,0.37468101864453235
scenario_offp2,S_offp2_1D,S_offp2_2D,336.0,3000.0,102.652925643111,98.60377574865181,-4.049149894459191,-3.9445051069822363,-1.6374906769746929,-57.99092732896868,-60.40258654645318,0.31453687727633883,0.3412232083005568,399.25097046232565,389.5928807367237,0.37468101864453235
scenario_offp2,S_offp2_1D,S_offp2_2D,336.0,3500.0,17.33034370960744,16.29311654153272,-1.0372271680747218,-5.985035181383697,-0.5148791776033335,-18.787784523861724,-19.310132514333112,0.31453687727633883,0.3412232083005568,399.25097046232565,389.5928807367237,0.37468101864453235
z_scale_W9,S_zW9_1D,S_zW9_2D,24.0,2500.0,479.32246364235476,478.29978027603374,-1.0226833663210186,-0.21336019984327112,-1.0897814518564815,0.5232246779063985,0.5903227634418613,0.5964895057512709,0.6428422339512897,523.1888965778321,519.4178806474998,0.5174500757438263
z_scale_W9,S_zW9_1D,S_zW9_2D,24.0,3000.0,163.55106573887576,161.60280135648884,-1.948264382386924,-1.1912269562935813,-2.0746215299071764,0.867237657444349,0.9935948049646015,0.5964895057512709,0.6428422339512897,523.1888965778321,519.4178806474998,0.5174500757438263
z_scale_W9,S_zW9_1D,S_zW9_2D,24.0,3500.0,36.49197011988537,35.8669826138748,-0.6249875060105765,-1.7126713190801541,-0.6666380148388171,0.343229698318801,0.38488020714704163,0.5964895057512709,0.6428422339512897,523.1888965778321,519.4178806474998,0.5174500757438263
z_scale_W9,S_zW9_1D,S_zW9_2D,72.0,2500.0,479.7047975126172,478.88314872552934,-0.8216487870878382,-0.17128217006548224,-0.8922819371975947,0.5437012686829803,0.6143344187927369,0.5987039748054214,0.6457082433634689,531.3975586948856,528.5018954506467,0.5174500757438263
z_scale_W9,S_zW9_1D,S_zW9_2D,72.0,3000.0,166.39763164180502,164.8540732945039,-1.543558347301115,-0.9276324020187064,-1.6684599190844835,0.8712254256581957,0.9961269974415643,0.5987039748054214,0.6457082433634689,531.3975586948856,528.5018954506467,0.5174500757438263
z_scale_W9,S_zW9_1D,S_zW9_2D,72.0,3500.0,37.87752984940213,37.387774700334866,-0.48975514906726403,-1.292996536507236,-0.5345579908744398,0.3610264330847599,0.40582927489193565,0.5987039748054214,0.6457082433634689,531.3975586948856,528.5018954506467,0.5174500757438263
z_scale_W9,S_zW9_1D,S_zW9_2D,168.0,2500.0,475.78498486216586,474.963296659496,-0.8216882026698613,-0.17270158344906641,-0.8922882988702554,0.5431016375761146,0.6137017337765087,0.5987039748054214,0.6457082433634692,531.0114962005608,528.118177366006,0.5174500757438263
z_scale_W9,S_zW9_1D,S_zW9_2D,168.0,3000.0,164.60363649106046,163.07060250032967,-1.533033990730786,-0.9313487984902716,-1.6571091529516195,0.8657421462584693,0.9898173084793029,0.5987039748054214,0.6457082433634692,531.0114962005608,528.118177366006,0.5174500757438263
z_scale_W9,S_zW9_1D,S_zW9_2D,168.0,3500.0,37.35988885247613,36.87682044315126,-0.48306840932487205,-1.2930135077017375,-0.5273095854793368,0.35667308787965624,0.400914264034121,0.5987039748054214,0.6457082433634692,531.0114962005608,528.118177366006,0.5174500757438263
z_scale_W9,S_zW9_1D,S_zW9_2D,336.0,2500.0,468.9873153623231,468.1654639167874,-0.8218514455356853,-0.1752395893481153,-0.8923897477391733,0.5420249138566078,0.6125632160600958,0.5987039748054214,0.6457082433634692,530.3280062614476,527.4384106791317,0.5174500757438263
z_scale_W9,S_zW9_1D,S_zW9_2D,336.0,3000.0,161.50000993560425,159.98514998674986,-1.5148599488543937,-0.9379937186743342,-1.6374906769746929,0.8561569635245689,0.9787876916448681,0.5987039748054214,0.6457082433634692,530.3280062614476,527.4384106791317,0.5174500757438263
z_scale_W9,S_zW9_1D,S_zW9_2D,336.0,3500.0,36.467263703735384,35.99565380760808,-0.47160989612730475,-1.2932417961455036,-0.5148791776033335,0.34913547026621927,0.392404751742248,0.5987039748054214,0.6457082433634692,530.3280062614476,527.4384106791317,0.5174500757438263
