era,maturity_h,variant,model,kappa_per_hour,half_life_hours,sigma_y_normal,sigma_y_stress,F_T_TRY_MWh,E_spot_T_TRY_MWh,centering_abs_err_TRY_MWh,residual_sd_T_TRY_MWh,V_regime0_TRY_MWh,V_regime1_TRY_MWh,call_TRY_MWh,n_space_nodes,n_time_steps,z_lag_min,z_lag_max
pre_v2,24,pooled_M0_kappa,"pooled_M0_kappa (pooled sigma, M0 kappa)",0.0008197329757428259,845.576793,0.13493892925063292,0.13496591973553154,2917.2391,2917.2391,0.0,1919.0053,724.0903,724.1022,724.0911,1201,96,-1.178445,0.956795
pre_v2,24,pooled_M9_kappa,"pooled_M9_kappa (pooled sigma, M9 kappa)",4.108274e-06,168719.803148,0.13493892925063292,0.13496591973553154,2917.2391,2917.2391,0.0,1937.8183,731.5799,731.5921,731.5807,1201,96,-1.178445,0.956795
pre_v2,24,M9_prod,"M9_prod (2-regime TVTP, production)",4.108274e-06,168719.803148,0.003534807,0.0924066544,2917.2391,2917.2391,0.0,1038.1586,366.324,393.4486,368.1691,1201,96,-1.178445,0.956795
pre_v2,72,pooled_M0_kappa,"pooled_M0_kappa (pooled sigma, M0 kappa)",0.0008197329757428259,845.576793,0.13493892925063292,0.13496591973553154,2916.1573,2916.1573,0.0,3259.3072,1254.6465,1254.6529,1254.6469,1201,144,-1.178445,0.956795
pre_v2,72,pooled_M9_kappa,"pooled_M9_kappa (pooled sigma, M9 kappa)",4.108274e-06,168719.803148,0.13493892925063292,0.13496591973553154,2916.1573,2916.1573,0.0,3355.4713,1292.8719,1292.8788,1292.8724,1201,144,-1.178445,0.956795
pre_v2,72,M9_prod,"M9_prod (2-regime TVTP, production)",4.108274e-06,168719.803148,0.003534807,0.0924066544,2916.1573,2916.1573,0.0,1838.2959,686.0264,700.9413,687.041,1201,144,-1.178445,0.956795
pre_v2,168,pooled_M0_kappa,"pooled_M0_kappa (pooled sigma, M0 kappa)",0.0008197329757428259,845.576793,0.13493892925063292,0.13496591973553154,2913.9938,2913.9938,0.0,4790.8876,1854.3027,1854.3064,1854.3029,1201,336,-1.178445,0.956795
pre_v2,168,pooled_M9_kappa,"pooled_M9_kappa (pooled sigma, M9 kappa)",4.108274e-06,168719.803148,0.13493892925063292,0.13496591973553154,2913.9938,2913.9938,0.0,5122.6816,1985.6461,1985.6506,1985.6464,1201,336,-1.178445,0.956795
pre_v2,168,M9_prod,"M9_prod (2-regime TVTP, production)",4.108274e-06,168719.803148,0.003534807,0.0924066544,2913.9938,2913.9938,0.0,2823.7732,1073.2485,1082.8792,1073.9036,1201,336,-1.178445,0.956795
pre_v2,336,pooled_M0_kappa,"pooled_M0_kappa (pooled sigma, M0 kappa)",0.0008197329757428259,845.576793,0.13493892925063292,0.13496591973553154,2910.2076,2910.2076,0.0,6349.8263,2450.6962,2450.6983,2450.6964,1201,672,-1.178445,0.956795
pre_v2,336,pooled_M9_kappa,"pooled_M9_kappa (pooled sigma, M9 kappa)",4.108274e-06,168719.803148,0.13493892925063292,0.13496591973553154,2910.2076,2910.2076,0.0,7237.4115,2799.3851,2799.3883,2799.3853,1201,672,-1.178445,0.956795
pre_v2,336,M9_prod,"M9_prod (2-regime TVTP, production)",4.108274e-06,168719.803148,0.003534807,0.0924066544,2910.2076,2910.2076,0.0,3998.6075,1525.3246,1532.0577,1525.7826,1201,672,-1.178445,0.956795
