strike,maturity_h,n_std,V_call,grid_x_min,grid_x_max,grid_halfwidth_TRY_MWh
3000.0,24,4.0,163.88345245512787,-2096.51998314456,2179.280869052238,2137.900426098399
3000.0,24,5.0,163.8882945480583,-2620.6499789307,2703.410864838378,2662.030421884539
3000.0,24,6.0,163.89252952152597,-3144.7799747168397,3227.540860624518,3186.1604176706787
3000.0,24,7.5,163.9000644065664,-3930.9749683960495,4013.7358543037276,3972.3554113498885
3000.0,24,9.0,163.90847899382703,-4717.16996207526,4799.930847982938,4758.550405029098
3000.0,48,4.0,167.0602076990799,-2128.7423102621187,2212.0440820758604,2170.3931961689896
3000.0,48,5.0,167.07056297586493,-2660.927887827648,2744.22965964139,2702.578773734519
3000.0,48,6.0,167.07620292707364,-3193.113465393178,3276.4152372069198,3234.764351300049
3000.0,48,7.5,167.08555053287532,-3991.3918317414727,4074.6936035552144,4033.0427176483436
3000.0,48,9.0,167.09548447233007,-4789.670198089767,4872.971969903509,4831.321083996638
3000.0,72,4.0,166.690495496445,-2129.102497842311,2212.9451555628148,2171.023826702563
3000.0,72,5.0,166.7012795240114,-2661.378122302889,2745.2207800233928,2703.299451163141
3000.0,72,6.0,166.70701572036324,-3193.6537467634666,3277.4964044839703,3235.5750756237185
3000.0,72,7.5,166.71648798983364,-3992.067183454333,4075.909841174837,4033.988512314585
3000.0,72,9.0,166.72675527278028,-4790.4806201452,4874.323277865704,4832.4019490054525
