strike,maturity_h,n_space_nodes,n_time_steps,steps_per_hour,V_call,residual_sd_T
3000.0,24,2401,96,4.0,163.89252952152597,524.0800240933721
3000.0,24,2401,96,4.0,163.89252952152597,524.0800240933721
3000.0,24,2401,96,4.0,163.89252952152597,524.0800240933721
3000.0,24,2401,192,8.0,163.893567697812,524.0996878613588
3000.0,24,2401,384,16.0,163.89690601322903,524.1128912750687
3000.0,48,2401,96,2.0,167.07620292707364,532.1659614184166
3000.0,48,2401,96,2.0,167.07620292707364,532.1659614184166
3000.0,48,2401,192,4.0,167.05855990504585,532.1985316315731
3000.0,48,2401,384,8.0,167.06046718095146,532.2267450413382
3000.0,48,2401,768,16.0,167.06479316630967,532.2440225250964
3000.0,72,2401,96,1.3333333333333333,166.83242139339492,532.6260415741244
3000.0,72,2401,144,2.0,166.70701572036324,532.2570219065854
3000.0,72,2401,288,4.0,166.68946179095343,532.2900144688074
3000.0,72,2401,576,8.0,166.6914158915029,532.3184182762067
3000.0,72,2401,1152,16.0,166.69576526130726,532.3357858156464
