hours,forward_TRY_MWh,residual_mean_TRY_MWh,residual_std_TRY_MWh,p_stress,expected_spot_TRY_MWh
0.0,2917.78,0.0,0.0,0.068023,2917.78
1.0,2917.7574630870085,0.0,226.2577532540862,0.30793816129819584,2917.7574630870085
2.0,2917.7349261740246,0.0,390.5323647752021,0.4682330692271609,2917.7349261740246
3.0,2917.7123892610575,0.0,536.9661037826166,0.580242607038364,2917.7123892610575
4.0,2917.689852348108,0.0,669.1805869649313,0.6545506929954599,2917.689852348108
5.0,2917.6673154351797,0.0,788.8105549946936,0.6992862771135979,2917.6673154351797
6.0,2917.6447785222726,0.0,897.2732112165271,0.7231014449924341,2917.6447785222726
7.0,2917.6222416093874,0.0,995.9551976869036,0.7321022661646756,2917.6222416093874
8.0,2917.5997046965217,0.0,1085.9570057846975,0.7287427076959493,2917.5997046965217
9.0,2917.577167783674,0.0,1167.8721286464456,0.7110120551276661,2917.577167783674
10.0,2917.5546308708435,0.0,1241.5067467854728,0.6720286823029045,2917.5546308708435
11.0,2917.5320939580315,0.0,1306.1113983722394,0.6146879767112983,2917.5320939580315
12.0,2917.5095570452368,0.0,1362.0181024570343,0.5567835950658983,2917.5095570452368
13.0,2917.4870201324566,0.0,1410.9122893693755,0.5100273482792018,2917.4870201324566
14.0,2917.4644832196886,0.0,1454.7931018995907,0.4835192653607831,2917.4644832196886
15.0,2917.441946306931,0.0,1495.9355705985336,0.47347645978082264,2917.441946306931
16.0,2917.4194093941824,0.0,1535.285140344182,0.4661741617700888,2917.4194093941824
17.0,2917.3968724814413,0.0,1573.0934969159564,0.4618718703848762,2917.3968724814413
18.0,2917.3743355687066,0.0,1609.7940434068812,0.4601038594569544,2917.3743355687066
19.0,2917.351798655975,0.0,1645.3921663613824,0.4542203269024322,2917.351798655975
20.0,2917.3292617432444,0.0,1679.5823819939628,0.4447321242375272,2917.3292617432444
21.0,2917.3067248305133,0.0,1712.5704884685845,0.44412273639717986,2917.3067248305133
22.0,2917.2841879177818,0.0,1745.435535486971,0.4583503639831787,2917.2841879177818
23.0,2917.261651005051,0.0,1779.0490619743405,0.48099208365703,2917.261651005051
24.0,2917.239114092322,0.0,1813.7302671902864,0.5062500504127424,2917.239114092322
25.0,2917.216577179595,0.0,1849.5849767417208,0.5352114707906228,2917.216577179595
26.0,2917.194040266869,0.0,1887.0642603775937,0.5770749539298781,2917.194040266869
27.0,2917.1715033541445,0.0,1926.9675752475393,0.6280339975487319,2917.1715033541445
28.0,2917.1489664414216,0.0,1969.257724882716,0.6737385178521584,2917.1489664414216
29.0,2917.1264295287006,0.0,2013.1530784420836,0.7064949413789299,2917.1264295287006
30.0,2917.1038926159795,0.0,2057.6903615585666,0.7257114108817084,2917.1038926159795
31.0,2917.0813557032557,0.0,2102.0504593814226,0.7330421455427624,2917.0813557032557
32.0,2917.0588187905287,0.0,2145.561170929197,0.7290915825328858,2917.0588187905287
33.0,2917.0362818777967,0.0,2187.557392994357,0.7111517597609972,2917.0362818777967
34.0,2917.013744965059,0.0,2227.138226815622,0.6720923063860872,2917.013744965059
35.0,2916.9912080523136,0.0,2263.1947691938417,0.6147209977367264,2916.9912080523136
36.0,2916.968671139562,0.0,2295.329395686874,0.5568020112164224,2916.968671139562
37.0,2916.9461342268037,0.0,2324.100169927771,0.5100379164031209,2916.9461342268037
38.0,2916.9235973140403,0.0,2350.4296565180134,0.48352533760377137,2916.9235973140403
39.0,2916.901060401273,0.0,2375.5527881180296,0.47347991652568683,2916.901060401273
40.0,2916.8785234885017,0.0,2399.971205117957,0.4661761339093864,2916.8785234885017
41.0,2916.8559865757275,0.0,2423.782241176934,0.4618729964618334,2916.8559865757275
42.0,2916.8334496629514,0.0,2447.2172066680873,0.4601045014758336,2916.8334496629514
43.0,2916.810912750173,0.0,2470.241047593057,0.45422069565858386,2916.810912750173
44.0,2916.7883758373932,0.0,2492.612175348405,0.4447323381391489,2916.7883758373932
45.0,2916.7658389246117,0.0,2514.4307150679965,0.444122859680829,2916.7658389246117
46.0,2916.743302011829,0.0,2536.4061914560248,0.4583504333732504,2916.743302011829
47.0,2916.720765099045,0.0,2559.1353949129593,0.480992121684071,2916.720765099045
48.0,2916.6982281862583,0.0,2582.8516957943284,0.5062500707196999,2916.6982281862583
49.0,2916.67569127347,0.0,2607.6457789932724,0.5352114812738689,2916.67569127347
50.0,2916.65315436068,0.0,2633.8581540775776,0.5770749589915664,2916.65315436068
51.0,2916.6306174478896,0.0,2662.0939430013905,0.6280339997712688,2916.6306174478896
52.0,2916.608080535099,0.0,2692.370027681649,0.6737385187444875,2916.608080535099
53.0,2916.58554362231,0.0,2724.152026534788,0.7064949417141685,2916.58554362231
54.0,2916.563006709526,0.0,2756.74568135684,0.7257114110030847,2916.563006709526
55.0,2916.540469796745,0.0,2789.5362082409006,0.7330421455864713,2916.540469796745
56.0,2916.5179328839663,0.0,2821.99747470852,0.72909158254911,2916.5179328839663
57.0,2916.495395971189,0.0,2853.5921715698014,0.711151759767494,2916.495395971189
58.0,2916.4728590584114,0.0,2883.587035729412,0.6720923063890458,2916.4728590584114
59.0,2916.4503221456334,0.0,2911.0711701813316,0.6147209977382619,2916.4503221456334
60.0,2916.4277852328564,0.0,2935.6744996341354,0.5568020112172787,2916.4277852328564
61.0,2916.4052483200794,0.0,2957.779445845657,0.5100379164036123,2916.4052483200794
62.0,2916.3827114073015,0.0,2978.071982952306,0.4835253376040537,2916.3827114073015
63.0,2916.360174494523,0.0,2997.5028461132133,0.47347991652584753,2916.360174494523
64.0,2916.337637581744,0.0,3016.4575101165697,0.46617613390947804,2916.337637581744
65.0,2916.315100668963,0.0,3035.0055957098057,0.4618729964618857,2916.315100668963
66.0,2916.2925637561816,0.0,3053.3256294712373,0.46010450147586335,2916.2925637561816
67.0,2916.2700268434,0.0,3071.3849040090013,0.4542206956586009,2916.2700268434
68.0,2916.2474899306185,0.0,3088.983925023069,0.44473233813915874,2916.2474899306185
69.0,2916.2249530178365,0.0,3106.197437466678,0.4441228596808346,2916.2249530178365
70.0,2916.2024161050554,0.0,3123.5961435750864,0.4583504333732535,2916.2024161050554
71.0,2916.179879192275,0.0,3141.6661935921998,0.4809921216840727,2916.179879192275
72.0,2916.1573422794963,0.0,3160.6029657319777,0.5062500707197007,2916.1573422794963
73.0,2916.13480536672,0.0,3180.4873758695358,0.5352114812738693,2916.13480536672
74.0,2916.1122684539473,0.0,3201.6068158542025,0.5770749589915666,2916.1122684539473
75.0,2916.0897315411776,0.0,3224.470977268639,0.628033999771269,2916.0897315411776
76.0,2916.0671946284087,0.0,3249.1097438328975,0.6737385187444875,2916.0671946284087
77.0,2916.04465771564,0.0,3275.095287493243,0.7064949417141684,2916.04465771564
78.0,2916.0221208028715,0.0,3301.8598280371057,0.7257114110030846,2916.0221208028715
79.0,2915.9995838901045,0.0,3328.89340481623,0.7330421455864712,2915.9995838901045
80.0,2915.977046977337,0.0,3355.7529877533248,0.7290915825491099,2915.977046977337
81.0,2915.9545100645687,0.0,3381.98003762636,0.7111517597674939,2915.9545100645687
82.0,2915.931973151799,0.0,3406.944646773282,0.6720923063890458,2915.931973151799
83.0,2915.909436239028,0.0,3429.859559745787,0.6147209977382619,2915.909436239028
84.0,2915.8868993262563,0.0,3450.39088143672,0.5568020112172787,2915.8868993262563
85.0,2915.864362413483,0.0,3468.845612449367,0.5100379164036123,2915.864362413483
86.0,2915.841825500707,0.0,3485.795044763156,0.4835253376040537,2915.841825500707
87.0,2915.8192885879266,0.0,3502.042966914166,0.47347991652584753,2915.8192885879266
88.0,2915.796751675142,0.0,3517.9152260491273,0.46617613390947804,2915.796751675142
89.0,2915.7742147623503,0.0,3533.469000937651,0.4618729964618857,2915.7742147623503
90.0,2915.7516778495506,0.0,3548.8556473308427,0.46010450147586335,2915.7516778495506
91.0,2915.7291409367435,0.0,3564.045638270515,0.4542206956586009,2915.7291409367435
92.0,2915.7066040239292,0.0,3578.865406343747,0.44473233813915874,2915.7066040239292
93.0,2915.6840671111095,0.0,3593.3773592531234,0.4441228596808346,2915.6840671111095
94.0,2915.661530198286,0.0,3608.073572944206,0.4583504333732535,2915.661530198286
95.0,2915.638993285461,0.0,3623.37582801965,0.4809921216840727,2915.638993285461
96.0,2915.6164563726347,0.0,3639.456084204985,0.5062500707197007,2915.6164563726347
97.0,2915.5939194598104,0.0,3656.38789641786,0.5352114812738693,2915.5939194598104
98.0,2915.5713825469893,0.0,3674.4251877778183,0.5770749589915666,2915.5713825469893
99.0,2915.5488456341727,0.0,3694.0176728046067,0.628033999771269,2915.5488456341727
100.0,2915.5263087213616,0.0,3715.1990723351414,0.6737385187444875,2915.5263087213616
101.0,2915.503771808555,0.0,3737.6026994507383,0.7064949417141684,2915.503771808555
102.0,2915.4812348957526,0.0,3760.736289420772,0.7257114110030846,2915.4812348957526
103.0,2915.4586979829533,0.0,3784.1545256369827,0.7330421455864712,2915.4586979829533
104.0,2915.436161070157,0.0,3807.4675524512927,0.7290915825491099,2915.436161070157
105.0,2915.4136241573638,0.0,3830.2689021566694,0.7111517597674939,2915.4136241573638
106.0,2915.3910872445736,0.0,3851.9978104074557,0.6720923063890458,2915.3910872445736
107.0,2915.368550331787,0.0,3871.9507941752886,0.6147209977382619,2915.368550331787
108.0,2915.3460134190054,0.0,3889.8229027553243,0.5568020112172787,2915.3460134190054
109.0,2915.323476506229,0.0,3905.8776726246424,0.5100379164036123,2915.323476506229
110.0,2915.300939593458,0.0,3920.6158518424786,0.4835253376040537,2915.300939593458
111.0,2915.2784026806944,0.0,3934.747903947612,0.47347991652584753,2915.2784026806944
112.0,2915.255865767937,0.0,3948.5618793387425,0.46617613390947804,2915.255865767937
113.0,2915.233328855186,0.0,3962.1075657742836,0.4618729964618857,2915.233328855186
114.0,2915.2107919424407,0.0,3975.519030313373,0.46010450147586335,2915.2107919424407
115.0,2915.188255029701,0.0,3988.7693200248636,0.4542206956586009,2915.188255029701
116.0,2915.1657181169653,0.0,4001.7026259269355,0.44473233813915874,2915.1657181169653
117.0,2915.1431812042306,0.0,4014.3737550676897,0.4441228596808346,2915.1431812042306
118.0,2915.120644291497,0.0,4027.222548748451,0.4583504333732535,2915.120644291497
119.0,2915.0981073787634,0.0,4040.6274042387754,0.4809921216840727,2915.0981073787634
120.0,2915.075570466029,0.0,4054.7439554897105,0.5062500707197007,2915.075570466029
121.0,2915.0530335532944,0.0,4069.6400765181847,0.5352114812738693,2915.0530335532944
122.0,2915.030496640559,0.0,4085.5461095277383,0.5770749589915666,2915.030496640559
123.0,2915.0079597278254,0.0,4102.869630347712,0.628033999771269,2915.0079597278254
124.0,2914.9854228150957,0.0,4121.645319772371,0.6737385187444875,2914.9854228150957
125.0,2914.962885902369,0.0,4141.546993345071,0.7064949417141684,2914.962885902369
126.0,2914.9403489896454,0.0,4162.133595520503,0.7257114110030846,2914.9403489896454
127.0,2914.917812076924,0.0,4183.004407921978,0.7330421455864712,2914.917812076924
128.0,2914.895275164203,0.0,4203.806979440602,0.7290915825491099,2914.895275164203
129.0,2914.872738251483,0.0,4224.172144176082,0.7111517597674939,2914.872738251483
130.0,2914.8502013387624,0.0,4243.58911732428,0.6720923063890458,2914.8502013387624
131.0,2914.827664426042,0.0,4261.4154967540435,0.6147209977382619,2914.827664426042
132.0,2914.8051275133203,0.0,4277.369104830508,0.5568020112172787,2914.8051275133203
133.0,2914.7825906005974,0.0,4291.684595219646,0.5100379164036123,2914.7825906005974
134.0,2914.760053687873,0.0,4304.813868506715,0.4835253376040537,2914.760053687873
135.0,2914.7375167751475,0.0,4317.4015146275815,0.47347991652584753,2914.7375167751475
136.0,2914.7149798624205,0.0,4329.708919314337,0.46617613390947804,2914.7149798624205
137.0,2914.692442949694,0.0,4341.780847897769,0.4618729964618857,2914.692442949694
138.0,2914.6699060369697,0.0,4353.7391306973805,0.46010450147586335,2914.6699060369697
139.0,2914.647369124249,0.0,4365.558847283112,0.4542206956586009,2914.647369124249
140.0,2914.6248322115325,0.0,4377.097262484261,0.44473233813915874,2914.6248322115325
141.0,2914.602295298821,0.0,4388.403910711121,0.4441228596808346,2914.602295298821
142.0,2914.579758386115,0.0,4399.880750583341,0.4583504333732535,2914.579758386115
143.0,2914.557221473415,0.0,4411.874431616822,0.4809921216840727,2914.557221473415
144.0,2914.5346845607214,0.0,4424.528376638418,0.5062500707197007,2914.5346845607214
145.0,2914.5121476480317,0.0,4437.905945351065,0.5352114812738693,2914.5121476480317
146.0,2914.489610735344,0.0,4452.2197299120535,0.5770749589915666,2914.489610735344
147.0,2914.467073822656,0.0,4467.845655042239,0.628033999771269,2914.467073822656
148.0,2914.444536909967,0.0,4484.818286012102,0.6737385187444875,2914.444536909967
149.0,2914.4219999972743,0.0,4502.840648830429,0.7064949417141684,2914.4219999972743
150.0,2914.399463084575,0.0,4521.509199577867,0.7257114110030846,2914.399463084575
151.0,2914.3769261718685,0.0,4540.45624203877,0.7330421455864712,2914.3769261718685
152.0,2914.354389259153,0.0,4559.357356993594,0.7290915825491099,2914.354389259153
153.0,2914.3318523464254,0.0,4577.871663174014,0.7111517597674939,2914.3318523464254
154.0,2914.3093154336866,0.0,4595.526524280707,0.6720923063890458,2914.3093154336866
155.0,2914.2867785209373,0.0,4611.726445713235,0.6147209977382619,2914.2867785209373
156.0,2914.2642416081785,0.0,4626.207526124338,0.5568020112172787,2914.2642416081785
157.0,2914.2417046954115,0.0,4639.183543764398,0.5100379164036123,2914.2417046954115
158.0,2914.2191677826368,0.0,4651.070076110459,0.4835253376040537,2914.2191677826368
159.0,2914.196630869855,0.0,4662.462097293297,0.47347991652584753,2914.196630869855
160.0,2914.1740939570673,0.0,4673.600910940315,0.46617613390947804,2914.1740939570673
161.0,2914.151557044272,0.0,4684.527589901802,0.4618729964618857,2914.151557044272
162.0,2914.129020131472,0.0,4695.354724094667,0.46010450147586335,2914.129020131472
163.0,2914.106483218669,0.0,4706.059025556846,0.4542206956586009,2914.106483218669
164.0,2914.0839463058646,0.0,4716.50787387288,0.44473233813915874,2914.0839463058646
165.0,2914.0614093930603,0.0,4726.746875467644,0.4441228596808346,2914.0614093930603
166.0,2914.0388724802574,0.0,4737.148932918104,0.4583504333732535,2914.0388724802574
167.0,2914.016335567456,0.0,4748.036194616955,0.4809921216840727,2914.016335567456
168.0,2913.993798654658,0.0,4759.542514818959,0.5062500707197007,2913.993798654658
169.0,2913.971261741864,0.0,4771.727571371427,0.5352114812738693,2913.971261741864
170.0,2913.9487248290743,0.0,4784.789988326052,0.5770749589915666,2913.9487248290743
171.0,2913.9261879162873,0.0,4799.080823031502,0.628033999771269,2913.9261879162873
172.0,2913.903651003502,0.0,4814.634093331922,0.6737385187444875,2913.903651003502
173.0,2913.8811140907187,0.0,4831.175103996235,0.7064949417141684,2913.8811140907187
174.0,2913.8585771779344,0.0,4848.329241811114,0.7257114110030846,2913.8585771779344
175.0,2913.836040265149,0.0,4865.7544671907835,0.7330421455864712,2913.836040265149
176.0,2913.8135033523645,0.0,4883.148320721842,0.7290915825491099,2913.8135033523645
177.0,2913.7909664395825,0.0,4900.192261596905,0.7111517597674939,2913.7909664395825
178.0,2913.768429526805,0.0,4916.44393484449,0.6720923063890458,2913.768429526805
179.0,2913.745892614033,0.0,4931.345247931823,0.6147209977382619,2913.745892614033
180.0,2913.723355701268,0.0,4944.647298317051,0.5568020112172787,2913.723355701268
181.0,2913.7008187885103,0.0,4956.547917999218,0.5100379164036123,2913.7008187885103
182.0,2913.6782818757615,0.0,4967.43435382342,0.4835253376040537,2913.6782818757615
183.0,2913.6557449630213,0.0,4977.862524600121,0.47347991652584753,2913.6557449630213
184.0,2913.6332080502902,0.0,4988.05792493579,0.46617613390947804,2913.6332080502902
185.0,2913.6106711375683,0.0,4998.058769011787,0.4618729964618857,2913.6106711375683
186.0,2913.588134224855,0.0,5007.970356906638,0.46010450147586335,2913.588134224855
187.0,2913.565597312149,0.0,5017.770740008897,0.4542206956586009,2913.565597312149
188.0,2913.543060399448,0.0,5027.335408928554,0.44473233813915874,2913.543060399448
189.0,2913.5205234867526,0.0,5036.706901158805,0.4441228596808346,2913.5205234867526
190.0,2913.4979865740615,0.0,5046.234947536905,0.4583504333732535,2913.4979865740615
191.0,2913.475449661374,0.0,5056.2220692787,0.4809921216840727,2913.475449661374
192.0,2913.4529127486885,0.0,5066.794369055955,0.5062500707197007,2913.4529127486885
193.0,2913.430375836003,0.0,5078.008456105904,0.5352114812738693,2913.430375836003
194.0,2913.4078389233177,0.0,5090.051604169474,0.5770749589915666,2913.4078389233177
195.0,2913.3853020106326,0.0,5103.254688489035,0.628033999771269,2913.3853020106326
196.0,2913.3627650979456,0.0,5117.651010331166,0.6737385187444875,2913.3627650979456
197.0,2913.3402281852545,0.0,5132.983551635861,0.7064949417141684,2913.3402281852545
198.0,2913.317691272557,0.0,5148.90084776437,0.7257114110030846,2913.317691272557
199.0,2913.2951543598533,0.0,5165.081498586669,0.7330421455864712,2913.2951543598533
200.0,2913.2726174471454,0.0,5181.24081658607,0.7290915825491099,2913.2726174471454
201.0,2913.2500805344357,0.0,5197.078451148208,0.7111517597674939,2913.2500805344357
202.0,2913.227543621725,0.0,5212.17679827876,0.6720923063890458,2913.227543621725
203.0,2913.2050067090145,0.0,5226.008442293475,0.6147209977382619,2913.2050067090145
204.0,2913.182469796304,0.0,5238.33703551508,0.5568020112172787,2913.182469796304
205.0,2913.1599328835923,0.0,5249.347742786231,0.5100379164036123,2913.1599328835923
206.0,2913.1373959708803,0.0,5259.404944470333,0.4835253376040537,2913.1373959708803
207.0,2913.1148590581674,0.0,5269.032818426245,0.47347991652584753,2913.1148590581674
208.0,2913.092322145454,0.0,5278.444009178394,0.46617613390947804,2913.092322145454
209.0,2913.069785232738,0.0,5287.674435449243,0.4618729964618857,2913.069785232738
210.0,2913.0472483200183,0.0,5296.823461509882,0.46010450147586335,2913.0472483200183
211.0,2913.024711407292,0.0,5305.8702590831845,0.4542206956586009,2913.024711407292
212.0,2913.002174494558,0.0,5314.697001027991,0.44473233813915874,2913.002174494558
213.0,2912.9796375818164,0.0,5323.343743997136,0.4441228596808346,2912.9796375818164
214.0,2912.957100669069,0.0,5332.141200892782,0.4583504333732535,2912.957100669069
215.0,2912.9345637563174,0.0,5341.375729035181,0.4809921216840727,2912.9345637563174
216.0,2912.912026843563,0.0,5351.166992199564,0.5062500707197007,2912.912026843563
217.0,2912.889489930808,0.0,5361.5689961073995,0.5352114812738693,2912.889489930808
218.0,2912.866953018054,0.0,5372.759564540801,0.5770749589915666,2912.866953018054
219.0,2912.8444161053026,0.0,5385.052785878989,0.628033999771269,2912.8444161053026
220.0,2912.8218791925556,0.0,5398.481191990202,0.6737385187444875,2912.8218791925556
221.0,2912.799342279815,0.0,5412.802209083087,0.7064949417141684,2912.799342279815
222.0,2912.7768053670807,0.0,5427.683411838168,0.7257114110030846,2912.7768053670807
223.0,2912.7542684543523,0.0,5442.82044535199,0.7330421455864712,2912.7542684543523
224.0,2912.731731541628,0.0,5457.943366317014,0.7290915825491099,2912.731731541628
225.0,2912.709194628906,0.0,5472.7669862422545,0.7111517597674939,2912.709194628906
226.0,2912.686657716185,0.0,5486.894395249213,0.6720923063890458,2912.686657716185
227.0,2912.664120803464,0.0,5499.82389626401,0.6147209977382619,2912.664120803464
228.0,2912.6415838907424,0.0,5511.329827988777,0.5568020112172787,2912.6415838907424
229.0,2912.6190469780217,0.0,5521.586995607856,0.5100379164036123,2912.6190469780217
230.0,2912.5965100653034,0.0,5530.9408415056605,0.4835253376040537,2912.5965100653034
231.0,2912.5739731525887,0.0,5539.889114030497,0.47347991652584753,2912.5739731525887
232.0,2912.5514362398762,0.0,5548.6337562317785,0.46617613390947804,2912.5514362398762
233.0,2912.528899327164,0.0,5557.208792824556,0.4618729964618857,2912.528899327164
234.0,2912.50636241445,0.0,5565.708637592825,0.46010450147586335,2912.50636241445
235.0,2912.483825501734,0.0,5574.113415054683,0.4542206956586009,2912.483825501734
236.0,2912.4612885890147,0.0,5582.310920255277,0.44473233813915874,2912.4612885890147
237.0,2912.438751676292,0.0,5590.339152412096,0.4441228596808346,2912.438751676292
238.0,2912.416214763565,0.0,5598.512867037284,0.4583504333732535,2912.416214763565
239.0,2912.3936778508332,0.0,5607.104822317025,0.4809921216840727,2912.3936778508332
240.0,2912.371140938095,0.0,5616.229227876056,0.5062500707197007,2912.371140938095
241.0,2912.348604025349,0.0,5625.937847635388,0.5352114812738693,2912.348604025349
242.0,2912.3260671125927,0.0,5636.400486226487,0.5770749589915666,2912.3260671125927
243.0,2912.303530199825,0.0,5647.916997890192,0.628033999771269,2912.303530199825
244.0,2912.2809932870464,0.0,5660.519145972701,0.6737385187444875,2912.2809932870464
245.0,2912.2584563742566,0.0,5673.976430015519,0.7064949417141684,2912.2584563742566
246.0,2912.2359194614573,0.0,5687.972422727426,0.7257114110030846,2912.2359194614573
247.0,2912.2133825486517,0.0,5702.217137892675,0.7330421455864712,2912.2133825486517
248.0,2912.1908456358406,0.0,5716.453105918078,0.7290915825491099,2912.1908456358406
249.0,2912.168308723026,0.0,5730.4080134455935,0.7111517597674939,2912.168308723026
250.0,2912.1457718102106,0.0,5743.702567229891,0.6720923063890458,2912.1457718102106
251.0,2912.1232348973967,0.0,5755.857012378318,0.6147209977382619,2912.1232348973967
252.0,2912.1006979845874,0.0,5766.6549123691575,0.5568020112172787,2912.1006979845874
253.0,2912.0781610717872,0.0,5776.2624071536975,0.5100379164036123,2912.0781610717872
254.0,2912.0556241589984,0.0,5785.008936269654,0.4835253376040537,2912.0556241589984
255.0,2912.0330872462237,0.0,5793.369818371577,0.47347991652584753,2912.0330872462237
256.0,2912.010550333464,0.0,5801.537913155802,0.46617613390947804,2912.010550333464
257.0,2911.9880134207174,0.0,5809.545649359564,0.4618729964618857,2911.9880134207174
258.0,2911.9654765079817,0.0,5817.483233696602,0.46010450147586335,2911.9654765079817
259.0,2911.9429395952548,0.0,5825.331612446099,0.4542206956586009,2911.9429395952548
260.0,2911.920402682535,0.0,5832.98339125355,0.44473233813915874,2911.920402682535
261.0,2911.89786576982,0.0,5840.474828675114,0.4441228596808346,2911.89786576982
262.0,2911.875328857107,0.0,5848.107054246495,0.4583504333732535,2911.875328857107
263.0,2911.852791944395,0.0,5856.141188681769,0.4809921216840727,2911.852791944395
264.0,2911.830255031682,0.0,5864.6867484544755,0.5062500707197007,2911.830255031682
265.0,2911.807718118968,0.0,5873.793543102931,0.5352114812738693,2911.807718118968
266.0,2911.7851812062504,0.0,5883.62446698986,0.5770749589915666,2911.7851812062504
267.0,2911.76264429353,0.0,5894.467116299312,0.628033999771269,2911.76264429353
268.0,2911.7401073808046,0.0,5906.352511570064,0.6737385187444875,2911.7401073808046
269.0,2911.7175704680735,0.0,5919.060427423753,0.7064949417141684,2911.7175704680735
270.0,2911.695033555336,0.0,5932.28811066438,0.7257114110030846,2911.695033555336
271.0,2911.6724966425913,0.0,5945.757888522406,0.7330421455864712,2911.6724966425913
272.0,2911.6499597298393,0.0,5959.2230119703245,0.7290915825491099,2911.6499597298393
273.0,2911.627422817081,0.0,5972.422266814819,0.7111517597674939,2911.627422817081
274.0,2911.6048859043162,0.0,5984.991577922786,0.6720923063890458,2911.6048859043162
275.0,2911.582348991545,0.0,5996.470179604939,0.6147209977382619,2911.582348991545
276.0,2911.5598120787654,0.0,6006.649693606373,0.5568020112172787,2911.5598120787654
277.0,2911.5372751659766,0.0,6015.688881115168,0.5100379164036123,2911.5372751659766
278.0,2911.51473825318,0.0,6023.903439324335,0.4835253376040537,2911.51473825318
279.0,2911.492201340376,0.0,6031.749357452148,0.47347991652584753,2911.492201340376
280.0,2911.469664427567,0.0,6039.411666182217,0.46617613390947804,2911.469664427567
281.0,2911.447127514754,0.0,6046.921426684736,0.4618729964618857,2911.447127514754
282.0,2911.42459060194,0.0,6054.365215808432,0.46010450147586335,2911.42459060194
283.0,2911.4020536891285,0.0,6061.72469706938,0.4542206956586009,2911.4020536891285
284.0,2911.3795167763224,0.0,6068.896649359029,0.44473233813915874,2911.3795167763224
285.0,2911.356979863525,0.0,6075.915834852618,0.4441228596808346,2911.356979863525
286.0,2911.3344429507374,0.0,6083.071581107872,0.4583504333732535,2911.3344429507374
287.0,2911.3119060379636,0.0,6090.614911156012,0.4809921216840727,2911.3119060379636
288.0,2911.289369125205,0.0,6098.651250723496,0.5062500707197007,2911.289369125205
289.0,2911.2668322124614,0.0,6107.228687575171,0.5352114812738693,2911.2668322124614
290.0,2911.2442952997308,0.0,6116.50408562221,0.5770749589915666,2911.2442952997308
291.0,2911.221758387012,0.0,6126.754349359963,0.628033999771269,2911.221758387012
292.0,2911.1992214743022,0.0,6138.009793086983,0.6737385187444875,2911.1992214743022
293.0,2911.176684561599,0.0,6150.05906521441,0.7064949417141684,2911.176684561599
294.0,2911.154147648901,0.0,6162.61126446165,0.7257114110030846,2911.154147648901
295.0,2911.1316107362063,0.0,6175.399413576029,0.7330421455864712,2911.1316107362063
296.0,2911.1090738235134,0.0,6188.186097748913,0.7290915825491099,2911.1090738235134
297.0,2911.0865369108215,0.0,6200.7197909936385,0.7111517597674939,2911.0865369108215
298.0,2911.063999998129,0.0,6212.649724908557,0.6720923063890458,2911.063999998129
299.0,2911.0414630854343,0.0,6223.53176331074,0.6147209977382619,2911.0414630854343
300.0,2911.018926172736,0.0,6233.164638857286,0.5568020112172787,2911.018926172736
301.0,2910.9963892600326,0.0,6241.700737302471,0.5100379164036123,2910.9963892600326
302.0,2910.9738523473234,0.0,6249.443797723235,0.4835253376040537,2910.9738523473234
303.0,2910.951315434607,0.0,6256.832939957504,0.47347991652584753,2910.951315434607
304.0,2910.928778521883,0.0,6264.046361123188,0.46617613390947804,2910.928778521883
305.0,2910.9062416091524,0.0,6271.113934421417,0.4618729964618857,2910.9062416091524
306.0,2910.8837046964145,0.0,6278.119065545336,0.46010450147586335,2910.8837046964145
307.0,2910.8611677836684,0.0,6285.044050419725,0.4542206956586009,2910.8611677836684
308.0,2910.838630870914,0.0,6291.78933003144,0.44473233813915874,2910.838630870914
309.0,2910.81609395815,0.0,6298.388363219741,0.4441228596808346,2910.81609395815
310.0,2910.7935570453765,0.0,6305.120134110616,0.4583504333732535,2910.7935570453765
311.0,2910.771020132593,0.0,6312.226802711091,0.4809921216840727,2910.771020132593
312.0,2910.7484832198006,0.0,6319.810190438773,0.5062500707197007,2910.7484832198006
313.0,2910.725946307001,0.0,6327.9168545299835,0.5352114812738693,2910.725946307001
314.0,2910.7034093941966,0.0,6336.69834024652,0.5770749589915666,2910.7034093941966
315.0,2910.68087248139,0.0,6346.422126612049,0.628033999771269,2910.68087248139
316.0,2910.658335568585,0.0,6357.117862117977,0.6737385187444875,2910.658335568585
317.0,2910.635798655784,0.0,6368.581952469309,0.7064949417141684,2910.635798655784
318.0,2910.6132617429907,0.0,6380.5338888352935,0.7257114110030846,2910.6132617429907
319.0,2910.590724830209,0.0,6392.716089316867,0.7330421455864712,2910.590724830209
320.0,2910.5681879174426,0.0,6404.899355093296,0.7290915825491099,2910.5681879174426
321.0,2910.5456510046934,0.0,6416.840705861982,0.7111517597674939,2910.5456510046934
322.0,2910.5231140919627,0.0,6428.201128188076,0.6720923063890458,2910.5231140919627
323.0,2910.50057717925,0.0,6438.551195207833,0.6147209977382619,2910.50057717925
324.0,2910.4780402665524,0.0,6447.6959693946,0.5568020112172787,2910.4780402665524
325.0,2910.4555033538677,0.0,6455.782261047074,0.5100379164036123,2910.4555033538677
326.0,2910.4329664411935,0.0,6463.103288311317,0.4835253376040537,2910.4329664411935
327.0,2910.410429528528,0.0,6470.083292062272,0.47347991652584753,2910.410429528528
328.0,2910.3878926158695,0.0,6476.894441371806,0.46617613390947804,2910.3878926158695
329.0,2910.3653557032167,0.0,6483.565565695237,0.4618729964618857,2910.3653557032167
330.0,2910.3428187905683,0.0,6490.177271213263,0.46010450147586335,2910.3428187905683
331.0,2910.320281877923,0.0,6496.71241637204,0.4542206956586009,2910.320281877923
332.0,2910.2977449652794,0.0,6503.074687024033,0.44473233813915874,2910.2977449652794
333.0,2910.2752080526357,0.0,6509.2963943428185,0.4441228596808346,2910.2752080526357
334.0,2910.2526711399914,0.0,6515.647366803245,0.4583504333732535,2910.2526711399914
335.0,2910.2301342273454,0.0,6522.361909172067,0.4809921216840727,2910.2301342273454
336.0,2910.2075973146957,0.0,6529.538637979437,0.5062500707197007,2910.2075973146957
337.0,2910.185060402043,0.0,6537.222739332332,0.5352114812738693,2910.185060402043
338.0,2910.162523489387,0.0,6545.5610252485,0.5770749589915666,2910.162523489387
339.0,2910.1399865767253,0.0,6554.812589929667,0.628033999771269,2910.1399865767253
340.0,2910.117449664056,0.0,6565.006456834359,0.6737385187444875,2910.117449664056
341.0,2910.0949127513777,0.0,6575.945882696216,0.7064949417141684,2910.0949127513777
342.0,2910.07237583869,0.0,6587.359561152985,0.7257114110030846,2910.07237583869
343.0,2910.0498389259924,0.0,6598.998242604208,0.7330421455864712,2910.0498389259924
344.0,2910.0273020132836,0.0,6610.640027035576,0.7290915825491099,2910.0273020132836
345.0,2910.0047651005625,0.0,6622.049539624537,0.7111517597674939,2910.0047651005625
346.0,2909.982228187829,0.0,6632.898242065576,0.6720923063890458,2909.982228187829
347.0,2909.9596912750826,0.0,6642.76982996059,0.6147209977382619,2909.9596912750826
348.0,2909.937154362323,0.0,6651.475043037712,0.5568020112172787,2909.937154362323
349.0,2909.914617449551,0.0,6659.155765873618,0.5100379164036123,2909.914617449551
350.0,2909.8920805367675,0.0,6666.095873248267,0.4835253376040537,2909.8920805367675
351.0,2909.8695436239736,0.0,6672.70636415013,0.47347991652584753,2909.8695436239736
352.0,2909.8470067111693,0.0,6679.154042218006,0.46617613390947804,2909.8470067111693
353.0,2909.8244697983537,0.0,6685.466811037555,0.4618729964618857,2909.8244697983537
354.0,2909.8019328855275,0.0,6691.722783317118,0.46010450147586335,2909.8019328855275
355.0,2909.7793959726932,0.0,6697.905321683291,0.4542206956586009,2909.7793959726932
356.0,2909.7568590598535,0.0,6703.921011136064,0.44473233813915874,2909.7568590598535
357.0,2909.734322147009,0.0,6709.801142863979,0.4441228596808346,2909.734322147009
358.0,2909.7117852341617,0.0,6715.807372035435,0.4583504333732535,2909.7117852341617
359.0,2909.6892483213123,0.0,6722.1669833076485,0.4809921216840727,2909.6892483213123
360.0,2909.6667114084635,0.0,6728.975721006935,0.5062500707197007,2909.6667114084635
361.0,2909.644174495617,0.0,6736.277534560955,0.5352114812738693,2909.644174495617
362.0,2909.6216375827744,0.0,6744.214990998878,0.5770749589915666,2909.6216375827744
363.0,2909.5991006699373,0.0,6753.03966713243,0.628033999771269,2909.5991006699373
364.0,2909.5765637571058,0.0,6762.780000754071,0.6737385187444875,2909.5765637571058
365.0,2909.55402684428,0.0,6773.245352317908,0.7064949417141684,2909.55402684428
366.0,2909.5314899314594,0.0,6784.172632847601,0.7257114110030846,2909.5314899314594
367.0,2909.508953018644,0.0,6795.32004292774,0.7330421455864712,2909.508953018644
368.0,2909.4864161058335,0.0,6806.472218234047,0.7290915825491099,2909.4864161058335
369.0,2909.4638791930283,0.0,6817.400604931754,0.7111517597674939,2909.4638791930283
370.0,2909.4413422802295,0.0,6827.786069886209,0.6720923063890458,2909.4413422802295
371.0,2909.418805367436,0.0,6837.224102248188,0.6147209977382619,2909.418805367436
372.0,2909.3962684546486,0.0,6845.530567482812,0.5568020112172787,2909.3962684546486
373.0,2909.3737315418666,0.0,6852.842960490006,0.5100379164036123,2909.3737315418666
374.0,2909.3511946290905,0.0,6859.436791660779,0.4835253376040537,2909.3511946290905
375.0,2909.328657716321,0.0,6865.7111835718415,0.47347991652584753,2909.328657716321
376.0,2909.3061208035574,0.0,6871.828127183144,0.46617613390947804,2909.3061208035574
377.0,2909.283583890801,0.0,6877.814698006416,0.4618729964618857,2909.283583890801
378.0,2909.2610469780498,0.0,6883.746770822196,0.46010450147586335,2909.2610469780498
379.0,2909.2385100653037,0.0,6889.608163168624,0.4542206956586009,2909.2385100653037
380.0,2909.215973152561,0.0,6895.3080690006,0.44473233813915874,2909.215973152561
381.0,2909.193436239822,0.0,6900.876865770586,0.4441228596808346,2909.193436239822
382.0,2909.170899327084,0.0,6906.568858630191,0.4583504333732535,2909.170899327084
383.0,2909.1483624143484,0.0,6912.605013238164,0.4809921216840727,2909.1483624143484
384.0,2909.1258255016155,0.0,6919.078482247984,0.5062500707197007,2909.1258255016155
385.0,2909.103288588881,0.0,6926.0320930092,0.5352114812738693,2909.103288588881
386.0,2909.0807516761406,0.0,6933.604579759726,0.5770749589915666,2909.0807516761406
387.0,2909.058214763394,0.0,6942.040733847433,0.628033999771269,2909.058214763394
388.0,2909.0356778506407,0.0,6951.368444543137,0.6737385187444875,2909.0356778506407
389.0,2909.01314093788,0.0,6961.40255138855,0.7064949417141684,2909.01314093788
390.0,2908.990604025114,0.0,6971.887356612742,0.7257114110030846,2908.990604025114
391.0,2908.9680671123424,0.0,6982.587769635138,0.7330421455864712,2908.9680671123424
392.0,2908.9455301995636,0.0,6993.294318988671,0.7290915825491099,2908.9455301995636
393.0,2908.922993286776,0.0,7003.784609358556,0.7111517597674939,2908.922993286776
394.0,2908.9004563739804,0.0,7013.748007704262,0.6720923063890458,2908.9004563739804
395.0,2908.8779194611757,0.0,7022.7906708994715,0.6147209977382619,2908.8779194611757
396.0,2908.8553825483614,0.0,7030.733119246865,0.5568020112172787,2908.8553825483614
397.0,2908.832845635537,0.0,7037.708906217795,0.5100379164036123,2908.832845635537
398.0,2908.810308722702,0.0,7043.986001967588,0.4835253376040537,2908.810308722702
399.0,2908.787771809856,0.0,7049.952805486649,0.47347991652584753,2908.787771809856
400.0,2908.7652348970005,0.0,7055.766961787492,0.46617613390947804,2908.7652348970005
401.0,2908.742697984138,0.0,7061.454800495587,0.4618729964618857,2908.742697984138
402.0,2908.720161071271,0.0,7067.0901744238,0.46010450147586335,2908.720161071271
403.0,2908.697624158402,0.0,7072.657313986573,0.4542206956586009,2908.697624158402
404.0,2908.6750872455327,0.0,7078.067775750784,0.44473233813915874,2908.6750872455327
405.0,2908.652550332663,0.0,7083.351112956789,0.4441228596808346,2908.652550332663
406.0,2908.630013419794,0.0,7088.754978716455,0.4583504333732535,2908.630013419794
407.0,2908.6074765069266,0.0,7094.494614975225,0.4809921216840727,2908.6074765069266
408.0,2908.584939594063,0.0,7100.6608218226675,0.5062500707197007,2908.584939594063
409.0,2908.5624026812075,0.0,7107.295403123836,0.5352114812738693,2908.5624026812075
410.0,2908.5398657683622,0.0,7114.533612017704,0.5770749589915666,2908.5398657683622
411.0,2908.517328855529,0.0,7122.614078591836,0.628033999771269,2908.517328855529
412.0,2908.4947919427077,0.0,7131.564178199277,0.6737385187444875,2908.4947919427077
413.0,2908.472255029899,0.0,7141.203701200043,0.7064949417141684,2908.472255029899
414.0,2908.4497181171023,0.0,7151.283640204167,0.7257114110030846,2908.4497181171023
415.0,2908.4271812043194,0.0,7161.574983464964,0.7330421455864712,2908.4271812043194
416.0,2908.4046442915496,0.0,7171.873604983596,0.7290915825491099,2908.4046442915496
417.0,2908.382107378794,0.0,7181.962702638349,0.7111517597674939,2908.382107378794
418.0,2908.359570466049,0.0,7191.539369952726,0.6720923063890458,2908.359570466049
419.0,2908.3370335533095,0.0,7200.219468047513,0.6147209977382619,2908.3370335533095
420.0,2908.3144966405744,0.0,7207.827766339365,0.5568020112172787,2908.3144966405744
421.0,2908.2919597278437,0.0,7214.494256113449,0.5100379164036123,2908.2919597278437
422.0,2908.2694228151163,0.0,7220.480068729776,0.4835253376040537,2908.2694228151163
423.0,2908.246885902391,0.0,7226.1638632439535,0.47347991652584753,2908.246885902391
424.0,2908.2243489896664,0.0,7231.699337008883,0.46617613390947804,2908.2243489896664
425.0,2908.2018120769408,0.0,7237.112143611983,0.4618729964618857,2908.2018120769408
426.0,2908.179275164214,0.0,7242.47429833109,0.46010450147586335,2908.179275164214
427.0,2908.1567382514854,0.0,7247.770408265859,0.4542206956586009,2908.1567382514854
428.0,2908.1342013387552,0.0,7252.914181398049,0.44473233813915874,2908.1342013387552
429.0,2908.1116644260237,0.0,7257.934423011513,0.4441228596808346,2908.1116644260237
430.0,2908.08912751329,0.0,7263.072731915059,0.4583504333732535,2908.08912751329
431.0,2908.0665906005534,0.0,7268.539136806408,0.4809921216840727,2908.0665906005534
432.0,2908.044053687814,0.0,7274.422290949909,0.5062500707197007,2908.044053687814
433.0,2908.0215167750725,0.0,7280.76306025252,0.5352114812738693,2908.0215167750725
434.0,2907.9989798623296,0.0,7287.6935196352915,0.5770749589915666,2907.9989798623296
435.0,2907.976442949588,0.0,7295.446675278225,0.628033999771269,2907.976442949588
436.0,2907.9539060368493,0.0,7304.049420625525,0.6737385187444875,2907.9539060368493
437.0,2907.9313691241136,0.0,7313.326045457569,0.7064949417141684,2907.9313691241136
438.0,2907.9088322113817,0.0,7323.033632321083,0.7257114110030846,2907.9088322113817
439.0,2907.886295298653,0.0,7332.948707679421,0.7330421455864712,2907.886295298653
440.0,2907.8637583859277,0.0,7342.872020430918,0.7290915825491099,2907.8637583859277
441.0,2907.841221473208,0.0,7352.591874727831,0.7111517597674939,2907.841221473208
442.0,2907.818684560495,0.0,7361.81242351349,0.6720923063890458,2907.818684560495
443.0,2907.7961476477894,0.0,7370.1584002068,0.6147209977382619,2907.7961476477894
444.0,2907.77361073509,0.0,7377.458470931169,0.5568020112172787,2907.77361073509
445.0,2907.7510738223973,0.0,7383.839388952644,0.5100379164036123,2907.7510738223973
446.0,2907.7285369097117,0.0,7389.556049600297,0.4835253376040537,2907.7285369097117
447.0,2907.7059999970343,0.0,7394.978219161739,0.47347991652584753,2907.7059999970343
448.0,2907.683463084365,0.0,7400.25599039341,0.46617613390947804,2907.683463084365
449.0,2907.660926171705,0.0,7405.414400791915,0.4618729964618857,2907.660926171705
450.0,2907.638389259054,0.0,7410.52378707062,0.46010450147586335,2907.638389259054
451.0,2907.615852346411,0.0,7415.569101600768,0.4542206956586009,2907.615852346411
452.0,2907.593315433775,0.0,7420.466021121842,0.44473233813915874,2907.593315433775
453.0,2907.570778521146,0.0,7425.242668538168,0.4441228596808346,2907.570778521146
454.0,2907.548241608525,0.0,7430.135104829137,0.4583504333732535,2907.548241608525
455.0,2907.5257046959123,0.0,7435.348587028603,0.4809921216840727,2907.5257046959123
456.0,2907.5031677833063,0.0,7440.969800091476,0.5062500707197007,2907.5031677833063
457.0,2907.4806308707084,0.0,7447.038746709593,0.5352114812738693,2907.4806308707084
458.0,2907.45809395812,0.0,7453.6845865990645,0.5770749589915666,2907.45809395812
459.0,2907.43555704554,0.0,7461.135168485153,0.628033999771269,2907.43555704554
460.0,2907.413020132969,0.0,7469.416933399556,0.6737385187444875,2907.413020132969
461.0,2907.3904832204084,0.0,7478.35828130458,0.7064949417141684,2907.3904832204084
462.0,2907.3679463078597,0.0,7487.721865684704,0.7257114110030846,2907.3679463078597
463.0,2907.345409395324,0.0,7497.289283260365,0.7330421455864712,2907.345409395324
464.0,2907.3228724828023,0.0,7506.865749864725,0.7290915825491099,2907.3228724828023
465.0,2907.300335570296,0.0,7516.244253071634,0.7111517597674939,2907.300335570296
466.0,2907.2777986578053,0.0,7525.135425179407,0.6720923063890458,2907.2777986578053
467.0,2907.2552617453316,0.0,7533.172147781485,0.6147209977382619,2907.2552617453316
468.0,2907.2327248328766,0.0,7540.186675380053,0.5568020112172787,2907.2327248328766
469.0,2907.2101879204406,0.0,7546.302802834302,0.5100379164036123,2907.2101879204406
470.0,2907.187651008024,0.0,7551.769711842382,0.4835253376040537,2907.187651008024
471.0,2907.165114095627,0.0,7556.949011607719,0.47347991652584753,2907.165114095627
472.0,2907.1425771832464,0.0,7561.987488239927,0.46617613390947804,2907.1425771832464
473.0,2907.1200402708805,0.0,7566.909615043432,0.4618729964618857,2907.1200402708805
474.0,2907.0975033585282,0.0,7571.784188319803,0.46010450147586335,2907.0975033585282
475.0,2907.074966446187,0.0,7576.596478245325,0.4542206956586009,2907.074966446187
476.0,2907.0524295338546,0.0,7581.263971106108,0.44473233813915874,2907.0524295338546
477.0,2907.0298926215296,0.0,7585.814164299859,0.4441228596808346,2907.0298926215296
478.0,2907.007355709211,0.0,7590.478030787108,0.4583504333732535,2907.007355709211
479.0,2906.984818796896,0.0,7595.456440927609,0.4809921216840727,2906.984818796896
480.0,2906.9622818845805,0.0,7600.834267425423,0.5062500707197007,2906.9622818845805
481.0,2906.9397449722587,0.0,7606.650715514073,0.5352114812738693,2906.9397449722587
482.0,2906.9172080599233,0.0,7613.032259793508,0.5770749589915666,2906.9172080599233
483.0,2906.894671147566,0.0,7620.2019994639895,0.628033999771269,2906.894671147566
484.0,2906.87213423518,0.0,7628.185950277477,0.6737385187444875,2906.87213423518
485.0,2906.8495973227564,0.0,7636.816284011162,0.7064949417141684,2906.8495973227564
486.0,2906.827060410285,0.0,7645.860772947168,0.7257114110030846,2906.827060410285
487.0,2906.8045234977553,0.0,7655.105675878045,0.7330421455864712,2906.8045234977553
488.0,2906.781986585157,0.0,7664.360319211394,0.7290915825491099,2906.781986585157
489.0,2906.759449672478,0.0,7673.422004013481,0.7111517597674939,2906.759449672478
490.0,2906.736912759704,0.0,7682.007333919057,0.6720923063890458,2906.736912759704
491.0,2906.7143758468233,0.0,7689.756703907918,0.6147209977382619,2906.7143758468233
492.0,2906.6918389338234,0.0,7696.50568532547,0.5568020112172787,2906.6918389338234
493.0,2906.669302020689,0.0,7702.375357758083,0.5100379164036123,2906.669302020689
494.0,2906.6467651074013,0.0,7707.609645476945,0.4835253376040537,2906.6467651074013
495.0,2906.6242281939417,0.0,7712.562644215382,0.47347991652584753,2906.6242281939417
496.0,2906.6016912802916,0.0,7717.378094124082,0.46617613390947804,2906.6016912802916
497.0,2906.5791543664304,0.0,7722.079949594987,0.4618729964618857,2906.5791543664304
498.0,2906.5566174523356,0.0,7726.735587462568,0.46010450147586335,2906.5566174523356
499.0,2906.5340805379833,0.0,7731.330571533969,0.4542206956586009,2906.5340805379833
500.0,2906.511543623349,0.0,7735.784057892984,0.44473233813915874,2906.511543623349
501.0,2906.4890067084098,0.0,7740.122968128583,0.4441228596808346,2906.4890067084098
502.0,2906.4664697931435,0.0,7744.573581725945,0.4583504333732535,2906.4664697931435
503.0,2906.4439328775275,0.0,7749.332720375727,0.4809921216840727,2906.4439328775275
504.0,2906.421395961538,0.0,7754.483581878016,0.5062500707197007,2906.421395961538
505.0,2906.398859045152,0.0,7760.0646322098355,0.5352114812738693,2906.398859045152
506.0,2906.376322128348,0.0,7766.199863484249,0.5770749589915666,2906.376322128348
507.0,2906.353785211105,0.0,7773.1079845177555,0.628033999771269,2906.353785211105
508.0,2906.3312482934043,0.0,7780.814610728699,0.6737385187444875,2906.3312482934043
509.0,2906.308711375229,0.0,7789.155389424657,0.7064949417141684,2906.308711375229
510.0,2906.2861744565644,0.0,7797.902815006148,0.7257114110030846,2906.2861744565644
511.0,2906.2636375373995,0.0,7806.847449815267,0.7330421455864712,2906.2636375373995
512.0,2906.241100617725,0.0,7815.802417432372,0.7290915825491099,2906.241100617725
513.0,2906.218563697537,0.0,7824.569006635249,0.7111517597674939,2906.218563697537
514.0,2906.196026776838,0.0,7832.8693445627605,0.6720923063890458,2906.196026776838
515.0,2906.1734898556347,0.0,7840.350779516182,0.6147209977382619,2906.1734898556347
516.0,2906.150952933939,0.0,7846.851959125918,0.5568020112172787,2906.150952933939
517.0,2906.1284160117725,0.0,7852.491460652709,0.5100379164036123,2906.1284160117725
518.0,2906.1058790891652,0.0,7857.5083520640355,0.4835253376040537,2906.1058790891652
519.0,2906.083342166156,0.0,7862.249782445934,0.47347991652584753,2906.083342166156
520.0,2906.060805242793,0.0,7866.85667559641,0.46617613390947804,2906.060805242793
521.0,2906.0382683191337,0.0,7871.35250677488,0.4618729964618857,2906.0382683191337
522.0,2906.0157313952486,0.0,7875.803339929232,0.46010450147586335,2906.0157313952486
523.0,2905.9931944712207,0.0,7880.195011093509,0.4542206956586009,2905.9931944712207
524.0,2905.9706575471473,0.0,7884.448222706829,0.44473233813915874,2905.9706575471473
525.0,2905.948120623142,0.0,7888.589364272807,0.4441228596808346,2905.948120623142
526.0,2905.925583699335,0.0,7892.840370088822,0.4583504333732535,2905.925583699335
527.0,2905.903046775876,0.0,7897.3943118080015,0.4809921216840727,2905.903046775876
528.0,2905.8805098529338,0.0,7902.332833941522,0.5062500707197007,2905.8805098529338
529.0,2905.8579729306975,0.0,7907.693715008774,0.5352114812738693,2905.8579729306975
530.0,2905.8354360093776,0.0,7913.598644158717,0.5770749589915666,2905.8354360093776
531.0,2905.812899089205,0.0,7920.262257927049,0.628033999771269,2905.812899089205
532.0,2905.7903621704336,0.0,7927.709794341516,0.6737385187444875,2905.7903621704336
533.0,2905.767825253342,0.0,7935.780115105012,0.7064949417141684,2905.767825253342
534.0,2905.7452883382325,0.0,7944.2500864972635,0.7257114110030846,2905.7452883382325
535.0,2905.722751425433,0.0,7952.914257535207,0.7330421455864712,2905.722751425433
536.0,2905.700214515296,0.0,7961.589271658094,0.7290915825491099,2905.700214515296
537.0,2905.6776776081983,0.0,7970.080116729534,0.7111517597674939,2905.6776776081983
538.0,2905.655140704541,0.0,7978.114046278463,0.6720923063890458,2905.655140704541
539.0,2905.63260380475,0.0,7985.344864903251,0.6147209977382619,2905.63260380475
540.0,2905.6100669092743,0.0,7991.614082248722,0.5568020112172787,2905.6100669092743
541.0,2905.5875300185844,0.0,7997.037960975524,0.5100379164036123,2905.5875300185844
542.0,2905.56499313317,0.0,8001.851067619104,0.4835253376040537,2905.56499313317
543.0,2905.5424562535427,0.0,8006.394106820698,0.47347991652584753,2905.5424562535427
544.0,2905.5199193802296,0.0,8010.805389473828,0.46617613390947804,2905.5199193802296
545.0,2905.4973825137695,0.0,8015.1079468729195,0.4618729964618857,2905.4973825137695
546.0,2905.474845654708,0.0,8019.3666245631275,0.46010450147586335,2905.474845654708
547.0,2905.452308803595,0.0,8023.567511750808,0.4542206956586009,2905.452308803595
548.0,2905.429771960977,0.0,8027.632747566446,0.44473233813915874,2905.429771960977
549.0,2905.407235127393,0.0,8031.588228131449,0.4441228596808346,2905.407235127393
550.0,2905.384698303367,0.0,8035.651851796031,0.4583504333732535,2905.384698303367
551.0,2905.362161489398,0.0,8040.013205532447,0.4809921216840727,2905.362161489398
552.0,2905.3396246859556,0.0,8044.752488843584,0.5062500707197007,2905.3396246859556
553.0,2905.317087893463,0.0,8049.906839123689,0.5352114812738693,2905.317087893463
554.0,2905.294551112293,0.0,8055.595802479735,0.5770749589915666,2905.294551112293
555.0,2905.272014342752,0.0,8062.030226470161,0.628033999771269,2905.272014342752
556.0,2905.2494775850673,0.0,8069.234992850913,0.6737385187444875,2905.2494775850673
557.0,2905.2269408393745,0.0,8077.051946200355,0.7064949417141684,2905.2269408393745
558.0,2905.2044041056997,0.0,8085.262013655997,0.7257114110030846,2905.2044041056997
559.0,2905.1818673839457,0.0,8093.66344925408,0.7330421455864712,2905.1818673839457
560.0,2905.159330673874,0.0,8102.076169543565,0.7290915825491099,2905.159330673874
561.0,2905.136793975084,0.0,8110.308604369237,0.7111517597674939,2905.136793975084
562.0,2905.114257286993,0.0,8118.092779614334,0.6720923063890458,2905.114257286993
563.0,2905.0917206088147,0.0,8125.088512749866,0.6147209977382619,2905.0917206088147
564.0,2905.0691839395367,0.0,8131.139983633161,0.5568020112172787,2905.0691839395367
565.0,2905.046647277898,0.0,8136.361306793516,0.5100379164036123,2905.046647277898
566.0,2905.0241106223675,0.0,8140.9828630468455,0.4835253376040537,2905.0241106223675
567.0,2905.0015739711152,0.0,8145.339359974273,0.47347991652584753,2905.0015739711152
568.0,2904.979037321986,0.0,8149.566676820761,0.46617613390947804,2904.979037321986
569.0,2904.956500672475,0.0,8153.687432182324,0.4618729964618857,2904.956500672475
570.0,2904.9339640197013,0.0,8157.765337416211,0.46010450147586335,2904.9339640197013
571.0,2904.91142736038,0.0,8161.7867178532,0.4542206956586009,2904.91142736038
572.0,2904.8888906907982,0.0,8165.675051382572,0.44473233813915874,2904.8888906907982
573.0,2904.86635400679,0.0,8169.455775193413,0.4441228596808346,2904.86635400679
574.0,2904.843817303709,0.0,8173.34302771075,0.4583504333732535,2904.843817303709
575.0,2904.821280576408,0.0,8177.523148244982,0.4809921216840727,2904.821280576408
576.0,2904.798743819217,0.0,8182.074988184451,0.5062500707197007,2904.798743819217
577.0,2904.776207025927,0.0,8187.035085431939,0.5352114812738693,2904.776207025927
578.0,2904.7536701897716,0.0,8192.520986224674,0.5770749589915666,2904.7536701897716
579.0,2904.7311333034163,0.0,8198.74000271916,0.628033999771269,2904.7311333034163
580.0,2904.7085963589507,0.0,8205.716679861089,0.6737385187444875,2904.7085963589507
581.0,2904.6860593478846,0.0,8213.295638733458,0.7064949417141684,2904.6860593478846
582.0,2904.663522261153,0.0,8221.26158968405,0.7257114110030846,2904.663522261153
583.0,2904.6409850891273,0.0,8229.416240121649,0.7330421455864712,2904.6409850891273
584.0,2904.618447821631,0.0,8237.58255903547,0.7290915825491099,2904.618447821631
585.0,2904.5959104479616,0.0,8245.572188083868,0.7111517597674939,2904.5959104479616
586.0,2904.5733729569297,0.0,8253.1216083229,0.6720923063890458,2904.5733729569297
587.0,2904.550835336906,0.0,8259.896252572333,0.6147209977382619,2904.550835336906
588.0,2904.5282975758796,0.0,8265.742798433634,0.5568020112172787,2904.5282975758796
589.0,2904.5057596615293,0.0,8270.773360717025,0.5100379164036123,2904.5057596615293
590.0,2904.4832215813035,0.0,8275.214416826419,0.4835253376040537,2904.4832215813035
591.0,2904.4606833225234,0.0,8279.39507782004,0.47347991652584753,2904.4606833225234
592.0,2904.4381448725007,0.0,8283.448953582325,0.46617613390947804,2904.4381448725007
593.0,2904.415606218671,0.0,8287.398277952361,0.4618729964618857,2904.415606218671
594.0,2904.3930673487453,0.0,8291.305703531758,0.46010450147586335,2904.3930673487453
595.0,2904.370528250886,0.0,8295.15777645302,0.4542206956586009,2904.370528250886
596.0,2904.347988913904,0.0,8298.879225491435,0.44473233813915874,2904.347988913904
597.0,2904.325449327475,0.0,8302.495059722574,0.4441228596808346,2904.325449327475
598.0,2904.302909482385,0.0,8306.215905201854,0.4583504333732535,2904.302909482385
599.0,2904.280369370796,0.0,8310.22506628883,0.4809921216840727,2904.280369370796
600.0,2904.2578289865373,0.0,8314.600133357637,0.5062500707197007,2904.2578289865373
601.0,2904.2352883254293,0.0,8319.377082386507,0.5352114812738693,2904.2352883254293
602.0,2904.2127473856285,0.0,8324.671588499717,0.5770749589915666,2904.2127473856285
603.0,2904.1902061680007,0.0,8330.687656450633,0.628033999771269,2904.1902061680007
604.0,2904.167664676527,0.0,8337.449512329882,0.6737385187444875,2904.167664676527
605.0,2904.145122918731,0.0,8344.80436886882,0.7064949417141684,2904.145122918731
606.0,2904.1225809061407,0.0,8352.540470586993,0.7257114110030846,2904.1225809061407
607.0,2904.10003865477,0.0,8360.462752374528,0.7330421455864712,2904.10003865477
608.0,2904.077496185629,0.0,8368.397037405533,0.7290915825491099,2904.077496185629
609.0,2904.0549535252594,0.0,8376.157972169174,0.7111517597674939,2904.0549535252594
610.0,2904.032410706288,0.0,8383.486207466389,0.6720923063890458,2904.032410706288
611.0,2904.009867768003,0.0,8390.052433525274,0.6147209977382619,2904.009867768003
612.0,2903.9873247569444,0.0,8395.70566997183,0.5568020112172787,2903.9873247569444
613.0,2903.964781727506,0.0,8400.55616485992,0.5100379164036123,2903.964781727506
614.0,2903.9422387425448,0.0,8404.826745790147,0.4835253376040537,2903.9422387425448
615.0,2903.919695873995,0.0,8408.841287518897,0.47347991652584753,2903.919695873995
616.0,2903.8971532034734,0.0,8412.73127653576,0.46617613390947804,2903.8971532034734
617.0,2903.874610822875,0.0,8416.518587014412,0.4618729964618857,2903.874610822875
618.0,2903.8520688349504,0.0,8420.264880674846,0.46010450147586335,2903.8520688349504
619.0,2903.8295273538524,0.0,8423.956910627527,0.4542206956586009,2903.8295273538524
620.0,2903.8069865056414,0.0,8427.520577351248,0.44473233813915874,2903.8069865056414
621.0,2903.784446428743,0.0,8430.980489511589,0.4441228596808346,2903.784446428743
622.0,2903.7619072743437,0.0,8434.54398380213,0.4583504333732535,2903.7619072743437
623.0,2903.7393692067017,0.0,8438.39152136815,0.4809921216840727,2903.7393692067017
624.0,2903.716832403375,0.0,8442.599510211467,0.5062500707197007,2903.716832403375
625.0,2903.6942970553387,0.0,8447.203398433789,0.5352114812738693,2903.6942970553387
626.0,2903.6717633669687,0.0,8452.317106348311,0.5770749589915666,2903.6717633669687
627.0,2903.6492315558908,0.0,8458.141537203895,0.628033999771269,2903.6492315558908
628.0,2903.6267018526537,0.0,8464.700614865118,0.6737385187444875,2903.6267018526537
629.0,2903.60417450022,0.0,8471.84397741491,0.7064949417141684,2903.60417450022
630.0,2903.5816497532464,0.0,8479.363179210312,0.7257114110030846,2903.5816497532464
631.0,2903.559127877129,0.0,8487.066178990754,0.7330421455864712,2903.559127877129
632.0,2903.536609146784,0.0,8494.78147524883,0.7290915825491099,2903.536609146784
633.0,2903.5140938451464,0.0,8502.326532389592,0.7111517597674939,2903.5140938451464
634.0,2903.49158226135,0.0,8509.44591301305,0.6720923063890458,2903.49158226135
635.0,2903.4690746885653,0.0,8515.815241070195,0.6147209977382619,2903.4690746885653
636.0,2903.446571421469,0.0,8521.285737011869,0.5568020112172787,2903.446571421469
637.0,2903.4240727533083,0.0,8525.965901782998,0.5100379164036123,2903.4240727533083
638.0,2903.4015789725363,0.0,8530.075142015989,0.4835253376040537,2903.4015789725363
639.0,2903.3790903589893,0.0,8533.932421575719,0.47347991652584753,2903.3790903589893
640.0,2903.356607179572,0.0,8537.667235440042,0.46617613390947804,2903.356607179572
641.0,2903.3341296834287,0.0,8541.301120762433,0.4618729964618857,2903.3341296834287
642.0,2903.311658096569,0.0,8544.894809744977,0.46010450147586335,2903.311658096569
643.0,2903.289192615926,0.0,8548.435249958711,0.4542206956586009,2903.289192615926
644.0,2903.2667334028233,0.0,8551.849441909766,0.44473233813915874,2903.2667334028233
645.0,2903.244280575834,0.0,8555.161618876451,0.4441228596808346,2903.244280575834
646.0,2903.2218342030096,0.0,8558.576030044207,0.4583504333732535,2903.2218342030096
647.0,2903.1993942934714,0.0,8562.270467021606,0.4809921216840727,2903.1993942934714
648.0,2903.176960788355,0.0,8566.320226814574,0.5062500707197007,2903.176960788355
649.0,2903.154533551109,0.0,8570.76026068669,0.5352114812738693,2903.154533551109
650.0,2903.1321123571597,0.0,8575.702839739275,0.5770749589915666,2903.1321123571597
651.0,2903.1096968829384,0.0,8581.34595261473,0.628033999771269,2903.1096968829384
652.0,2903.087286694311,0.0,8587.713236448748,0.6737385187444875,2903.087286694311
653.0,2903.0648812344343,0.0,8594.656604331318,0.7064949417141684,2903.0648812344343
654.0,2903.042479811086,0.0,8601.97071733225,0.7257114110030846,2903.042479811086
655.0,2903.0200815835174,0.0,8609.466373491025,0.7330421455864712,2903.0200815835174
656.0,2902.9976855489044,0.0,8616.974584347769,0.7290915825491099,2902.9976855489044
657.0,2902.9752905284804,0.0,8624.31546247238,0.7111517597674939,2902.9752905284804
658.0,2902.9528951534467,0.0,8631.237247847494,0.6720923063890458,2902.9528951534467
659.0,2902.930497850782,0.0,8637.420203820691,0.6147209977382619,2902.930497850782
660.0,2902.9080968290937,0.0,8642.717622884553,0.5568020112172787,2902.9080968290937
661.0,2902.885690064652,0.0,8647.236367019494,0.5100379164036123,2902.885690064652
662.0,2902.8632752878034,0.0,8651.192629356763,0.4835253376040537,2902.8632752878034
663.0,2902.8408499699544,0.0,8654.900758233427,0.47347991652584753,2902.8408499699544
664.0,2902.8184113113584,0.0,8658.488376752124,0.46617613390947804,2902.8184113113584
665.0,2902.7959562299557,0.0,8661.976705445504,0.4618729964618857,2902.7959562299557
666.0,2902.7734813515503,0.0,8665.425602582225,0.46010450147586335,2902.7734813515503
667.0,2902.750983001622,0.0,8668.822198631913,0.4542206956586009,2902.750983001622
668.0,2902.7284571991254,0.0,8672.09452878651,0.44473233813915874,2902.7284571991254
669.0,2902.7058996526353,0.0,8675.266473458933,0.4441228596808346,2902.7058996526353
670.0,2902.6833057592344,0.0,8678.539377514664,0.4583504333732535,2902.6833057592344
671.0,2902.660670606577,0.0,8682.088520551857,0.4809921216840727,2902.660670606577
672.0,2902.6379889785862,0.0,8685.988153082213,0.5062500707197007,2902.6379889785862
673.0,2902.6152553652805,0.0,8690.272757307725,0.5352114812738693,2902.6152553652805
674.0,2902.5924639772406,0.0,8695.053050497336,0.5770749589915666,2902.5924639772406
675.0,2902.5696087652827,0.0,8700.524275702279,0.628033999771269,2902.5696087652827
676.0,2902.5466834459066,0.0,8706.709796587436,0.6737385187444875,2902.5466834459066
677.0,2902.5236815331227,0.0,8713.463663963164,0.7064949417141684,2902.5236815331227
678.0,2902.500596377295,0.0,8720.583460513628,0.7257114110030846,2902.500596377295
679.0,2902.4774212116413,0.0,8727.882655454612,0.7330421455864712,2902.4774212116413
680.0,2902.454149207056,0.0,8735.19462561488,0.7290915825491099,2902.454149207056
681.0,2902.430773535937,0.0,8742.34197744093,0.7111517597674939,2902.430773535937
682.0,2902.4072874456974,0.0,8749.076415892227,0.6720923063890458,2902.4072874456974
683.0,2902.3836843426366,0.0,8755.082577771735,0.6147209977382619,2902.3836843426366
684.0,2902.359957886862,0.0,8760.215711879973,0.5568020112172787,2902.359957886862
685.0,2902.3361020989023,0.0,8764.5811395919,0.5100379164036123,2902.3361020989023
686.0,2902.312111478667,0.0,8768.392028197668,0.4835253376040537,2902.312111478667
687.0,2902.2879811373314,0.0,8771.95837668685,0.47347991652584753,2902.2879811373314
688.0,2902.263706942709,0.0,8775.406043807521,0.46617613390947804,2902.263706942709
689.0,2902.239285678595,0.0,8778.755951635942,0.4618729964618857,2902.239285678595
690.0,2902.214715218491,0.0,8782.067134134804,0.46010450147586335,2902.214715218491
691.0,2902.1899947140446,0.0,8785.326894137685,0.4542206956586009,2902.1899947140446
692.0,2902.165124798399,0.0,8788.464243112332,0.44473233813915874,2902.165124798399
693.0,2902.1401078045556,0.0,8791.502728785867,0.4441228596808346,2902.1401078045556
694.0,2902.1149479986725,0.0,8794.640954698221,0.4583504333732535,2902.1149479986725
695.0,2902.0896518280747,0.0,8798.051827918034,0.4809921216840727,2902.0896518280747
696.0,2902.0642281835417,0.0,8801.80860890286,0.5062500707197007,2902.0642281835417
697.0,2902.038688675235,0.0,8805.945334576521,0.5352114812738693,2902.038688675235
698.0,2902.0130479213685,0.0,8810.57125187084,0.5770749589915666,2902.0130479213685
699.0,2901.987323848471,0.0,8815.879006474128,0.628033999771269,2901.987323848471
700.0,2901.9615380017694,0.0,8821.891699400438,0.6737385187444875,2901.9615380017694
701.0,2901.9357158639036,0.0,8828.465398091395,0.7064949417141684,2901.9357158639036
702.0,2901.90988717982,0.0,8835.400444767683,0.7257114110030846,2901.90988717982
703.0,2901.8840862852935,0.0,8842.512833697776,0.7330421455864712,2901.8840862852935
704.0,2901.8583524361056,0.0,8849.638179616437,0.7290915825491099,2901.8583524361056
705.0,2901.832730134442,0.0,8856.60145042598,0.7111517597674939,2901.832730134442
706.0,2901.807269448588,0.0,8863.157633172543,0.6720923063890458,2901.807269448588
707.0,2901.782026321467,0.0,8868.995508334374,0.6147209977382619,2901.782026321467
708.0,2901.757062863019,0.0,8873.97218233159,0.5568020112172787,2901.757062863019
709.0,2901.7324476208205,0.0,8878.191524421163,0.5100379164036123,2901.7324476208205
710.0,2901.7082558227366,0.0,8881.863842963528,0.4835253376040537,2901.7082558227366
711.0,2901.6845695847546,0.0,8885.295024553183,0.47347991652584753,2901.6845695847546
712.0,2901.6614780764735,0.0,8888.609261942167,0.46617613390947804,2901.6614780764735
713.0,2901.6390776360367,0.0,8891.82719883379,0.4618729964618857,2901.6390776360367
714.0,2901.617471825591,0.0,8895.007093648219,0.46010450147586335,2901.617471825591
715.0,2901.59677141764,0.0,8898.136417142929,0.4542206956586009,2901.59677141764
716.0,2901.5770943019347,0.0,8901.145109204926,0.44473233813915874,2901.5770943019347
717.0,2901.55856530182,0.0,8904.056408128949,0.4441228596808346,2901.55856530182
718.0,2901.5413158882584,0.0,8907.066332698765,0.4583504333732535,2901.5413158882584
719.0,2901.525483779037,0.0,8910.345557511879,0.4809921216840727,2901.525483779037
720.0,2901.5112124100174,0.0,8913.966420152658,0.5062500707197007,2901.5112124100174
