iso_variance_target,target_sd_asinh,target_sd_TRY_at_spot,kappa_per_hour,half_life_hours,sigma_y_shared_regime,phi,call_T1,call_T6,call_T12,call_T24,call_T48,call_T72,log10_kappa
production,0.198702,582.4794188775436,0.01,69.31471805599453,0.027960786474365684,0.9900498337491681,6.686762945713354,43.40075047490895,70.54275954132261,105.04914988651068,142.65868347015243,162.21609202263673,-2.0
production,0.198702,582.4794188775436,0.015,46.20981203732969,0.03415968051023537,0.9851119396030626,11.379155561680646,58.1198118883119,89.76008116678844,126.98230902385262,162.15271164910618,176.92638178649355,-1.8239087409443189
production,0.198702,582.4794188775436,0.0162,42.786862997527486,0.03547859853957085,0.9839305142725083,12.462325376654267,61.207113070355426,93.6390258497334,131.12447482812144,165.35267803329927,178.99474676257097,-1.790484985457369
production,0.198702,582.4794188775436,0.0167,41.50581919520631,0.036012992137197046,0.9834386719861904,12.907564432483747,62.450415072083,95.18684282854673,132.7488320013002,166.56273176234464,179.74403756630602,-1.7772835288524167
production,0.198702,582.4794188775436,0.0196,35.36465206938497,0.03895857732321143,0.9805908312024284,15.426352459801002,69.22984972875118,103.47621045114894,141.14447824700756,172.38090581188374,183.0612155967546,-1.7077439286435239
production,0.198702,582.4794188775436,0.02,34.657359027997266,0.03934628791671105,0.9801986733067553,15.764247460190585,70.11093866559573,104.53477255380864,142.17954379433453,173.04484772765068,183.40576333311722,-1.6989700043360187
production,0.198702,582.4794188775436,0.03,23.104906018664845,0.04795081769702944,0.9704455335485082,23.589487235256037,88.93212843289525,125.97325390075136,161.11563043251434,182.78045377633808,187.2264177178776,-1.5228787452803376
production,0.198702,582.4794188775436,0.05,13.862943611198904,0.06129645337460095,0.951229424500714,36.364130280858255,114.58059163532859,151.00411369558643,177.07025002553974,186.06727094361838,186.42430187279783,-1.3010299956639813
production,0.198702,582.4794188775436,0.078394,8.841839688750992,0.0756933941195697,0.924600062343942,50.280224349381456,136.41341519935335,167.09281910011651,181.79831539910793,183.84022219312502,183.41911029979,-1.1057171754100383
production,0.198702,582.4794188775436,0.1,6.931471805599452,0.08459881965507031,0.9048374180359595,58.719334894083865,146.6161785474373,172.15846682035593,181.17287308650455,181.59091933228189,181.12213282852997,-1.0
production,0.198702,582.4794188775436,0.15,4.620981203732969,0.10115898706198947,0.8607079764250578,73.69204528861195,158.82851414988951,174.19821613323705,176.82134161052494,176.4313007968865,175.96244147146226,-0.8239087409443188
production,0.198702,582.4794188775436,0.152,4.560178819473324,0.10173447968559264,0.8589882807411234,74.1900516028792,159.0996388307983,174.1368491749172,176.62623840881338,176.22911678759158,175.76052992551422,-0.8181564120552275
production,0.198702,582.4794188775436,0.16,4.332169878499658,0.10398228927225427,0.8521437889662113,76.11748063535629,160.06401638587272,173.82969241707,175.84299107360823,175.42374180370814,174.9562558215971,-0.7958800173440752
production,0.198702,582.4794188775436,0.2,3.465735902799726,0.11409024398510721,0.8187307530779818,84.41848708345341,162.60961913301261,171.31076073522615,171.93221547539804,171.47647289035396,171.01449936229136,-0.6989700043360187
production,0.198702,582.4794188775436,0.2116,3.2757428192814046,0.11671985664798132,0.8092883481713321,86.46548036150581,162.8157151488992,170.40094577463822,170.81333929090826,170.3561387748825,169.89573904418248,-0.6744843366368518
production,0.198702,582.4794188775436,0.22,3.150669002545206,0.11855094514748638,0.8025187979624785,87.86294995433974,162.85415985518165,169.71509384099,170.00898719378503,169.55157634759297,169.09230790661294,-0.6575773191777937
production,0.198702,582.4794188775436,0.2246,3.086140608014004,0.11952904594177262,0.7988356891366967,88.59896277273182,162.84015980344975,169.3320960445207,169.57068135374143,169.11335425918298,168.6547023543239,-0.648590248074561
production,0.198702,582.4794188775436,0.25,2.772588722239781,0.12464007079882398,0.7788007830714049,92.31709486082904,162.38929852124716,167.15517359753423,167.17893317319448,166.72346956488536,166.26837253874814,-0.6020599913279624
production,0.198702,582.4794188775436,0.3,2.3104906018664844,0.13346923885921888,0.7408182206817179,98.18099701173898,160.21547682091185,162.7647962872101,162.61440468209292,162.16593143460153,161.7181787931489,-0.5228787452803376
observed_2025_TRY,0.21286597256763642,624.0,0.01,69.31471805599453,0.02995390084962338,0.9900498337491681,8.129744753325786,48.49715919268656,77.8216587238664,114.96259517560775,155.37735880782827,176.37996798902498,-2.0
observed_2025_TRY,0.21286597256763642,624.0,0.015,46.20981203732969,0.03659466746389562,0.9851119396030626,13.432402395535362,64.41772784632627,98.51359967825817,138.52911412276623,176.30005600313612,192.16175074293182,-1.8239087409443189
observed_2025_TRY,0.21286597256763642,624.0,0.0162,42.786862997527486,0.03800760124942112,0.9839305142725083,14.64234427618801,67.75042382525467,102.68806457691072,142.9748476040432,179.7356295157275,194.38004491413446,-1.790484985457369
observed_2025_TRY,0.21286597256763642,624.0,0.0167,41.50581919520631,0.03858008775128128,0.9834386719861904,15.140169772085834,69.09190016158034,104.3536130154902,144.72005599203735,181.03371817391266,195.18364547892375,-1.7772835288524167
observed_2025_TRY,0.21286597256763642,624.0,0.0196,35.36465206938497,0.04173564157259045,0.9805908312024284,17.938562234237274,76.40384776829637,113.26549647455201,153.73930083832474,187.27381755898858,198.74335039496555,-1.7077439286435239
observed_2025_TRY,0.21286597256763642,624.0,0.02,34.657359027997266,0.042150989141110505,0.9801986733067553,18.31382778642606,77.35372225447614,114.40399078983788,154.8510760035433,187.98589711919084,199.11313732857874,-1.6989700043360187
observed_2025_TRY,0.21286597256763642,624.0,0.03,23.104906018664845,0.05136887119652347,0.9704455335485082,26.92988557682699,97.61988058071,137.44016605940408,175.17467619030967,198.42983086450766,203.21352659454797,-1.5228787452803376
observed_2025_TRY,0.21286597256763642,624.0,0.05,13.862943611198904,0.06566581696475733,0.951229424500714,40.860901578588276,125.19574015598538,164.31143174985132,192.2901804194853,201.95730003425686,202.352720356972,-1.3010299956639813
observed_2025_TRY,0.21286597256763642,624.0,0.078394,8.841839688750992,0.08108900743931927,0.924600062343942,55.94428856584123,148.6484161083324,181.58281485125397,197.36359023405436,199.56726936092102,199.12756556371883,-1.1057171754100383
observed_2025_TRY,0.21286597256763642,624.0,0.1,6.931471805599452,0.09062923384742287,0.9048374180359595,65.06379994177215,159.6010985643772,187.0158592841303,196.69238236800828,197.15330116565082,196.66239686444666,-1.0
observed_2025_TRY,0.21286597256763642,624.0,0.15,4.620981203732969,0.10836985115855574,0.8607079764250578,81.21060750358843,172.71006406150667,189.20358853145578,192.02344427312715,191.61805863018665,191.12808361116205,-0.8239087409443188
observed_2025_TRY,0.21286597256763642,624.0,0.152,4.560178819473324,0.10898636632714381,0.8589882807411234,81.74723259185939,173.00115821943402,189.13777331524048,191.81419566343558,191.40121249869003,190.91152632659436,-0.8181564120552275
observed_2025_TRY,0.21286597256763642,624.0,0.16,4.332169878499658,0.11139440536958718,0.8521437889662113,83.82396574402938,174.0365499161805,188.80834785082524,190.97415655312201,190.53742802861066,190.04890906794955,-0.7958800173440752
observed_2025_TRY,0.21286597256763642,624.0,0.2,3.465735902799726,0.12222288022450091,0.8187307530779818,92.76220884487579,176.76944885486407,186.106702234366,186.77970753717602,186.30377288484198,185.82109861445065,-0.6989700043360187
observed_2025_TRY,0.21286597256763642,624.0,0.2116,3.2757428192814046,0.12503993821565784,0.8092883481713321,94.966102234482,176.99068334276205,185.13086708248022,185.5796378154102,185.10212021879067,184.62111430538675,-0.6744843366368518
observed_2025_TRY,0.21286597256763642,624.0,0.22,3.150669002545206,0.12700155125581125,0.8025187979624785,96.46773423078903,177.03193960304586,184.39523900237612,184.71690660697374,184.23914946642748,183.75934271567718,-0.6575773191777937
observed_2025_TRY,0.21286597256763642,624.0,0.2246,3.086140608014004,0.12804937350644244,0.7988356891366967,97.25917583753987,177.01690097551028,183.98444208108768,184.2467855078257,183.7691105483026,183.28995728796346,-0.648590248074561
observed_2025_TRY,0.21286597256763642,624.0,0.25,2.772588722239781,0.13352472492219872,0.7788007830714049,101.26070154007044,176.5328323692343,181.6494744528685,181.68138428563685,181.20566573849968,180.7300804721458,-0.6020599913279624
observed_2025_TRY,0.21286597256763642,624.0,0.3,2.3104906018664844,0.14298325803278175,0.7408182206817179,107.567449652642,174.19902764666438,176.93885377657216,176.78341046710753,176.3139367695721,175.84517963000798,-0.5228787452803376
observed_2025H2_TRY,0.18966903965962476,556.0,0.01,69.31471805599453,0.026689693705754164,0.9900498337491681,5.818478661799509,40.1826584239843,65.92760074231455,98.74500366663516,134.56777506933676,153.19939281540076,-2.0
observed_2025H2_TRY,0.18966903965962476,556.0,0.015,46.20981203732969,0.032606787035137766,0.9851119396030626,10.120045580896086,54.13225264890346,84.1982594268935,119.63600613880533,153.14698490771434,167.2197498143238,-1.8239087409443189
observed_2025H2_TRY,0.18966903965962476,556.0,0.0162,42.786862997527486,0.03386574726711241,0.9839305142725083,11.120537530648726,57.060926184437314,87.88783729992286,123.5791432458626,156.1986341328178,169.19246611885205,-1.790484985457369
observed_2025H2_TRY,0.18966903965962476,556.0,0.0167,41.50581919520631,0.03437584741941088,0.9834386719861904,11.533786365085309,58.24021137956806,89.36259781145809,125.12698124929477,157.35171893104342,169.9071100394233,-1.7772835288524167
observed_2025H2_TRY,0.18966903965962476,556.0,0.0196,35.36465206938497,0.0371875267858338,0.9805908312024284,13.871448477061845,64.67942821394813,97.24969498673413,133.1318683785107,162.89519356258768,173.0709210619446,-1.7077439286435239
observed_2025H2_TRY,0.18966903965962476,556.0,0.02,34.657359027997266,0.03755761211932281,0.9801986733067553,14.186840112025154,65.51818930431165,98.25851775535101,134.1187438887005,163.5278235396995,173.39954046734164,-1.6989700043360187
observed_2025H2_TRY,0.18966903965962476,556.0,0.03,23.104906018664845,0.045770981386645905,0.9704455335485082,21.50197279401852,83.4128020187345,118.67885398194073,152.1660230640965,172.81132808577726,177.0435810791328,-1.5228787452803376
observed_2025H2_TRY,0.18966903965962476,556.0,0.05,13.862943611198904,0.058509926654495316,0.951229424500714,33.53155318553887,107.82581209590124,142.52750181761405,167.37334851281707,175.9462072272687,176.27853639899752,-1.3010299956639813
observed_2025H2_TRY,0.18966903965962476,556.0,0.078394,8.841839688750992,0.07225238483375242,0.924600062343942,46.698825264703814,128.62683087179528,157.8676110325601,171.88281573406235,173.82211222466407,173.41229737030415,-1.1057171754100383
observed_2025H2_TRY,0.18966903965962476,556.0,0.1,6.931471805599452,0.08075297118456268,0.9048374180359595,54.70268435970437,138.3491688978585,162.69432814208764,171.28630314675482,171.6768312261173,171.22157011505888,-1.0
observed_2025H2_TRY,0.18966903965962476,556.0,0.15,4.620981203732969,0.09656031609640543,0.8607079764250578,68.92076991831,149.99092118088356,164.63842876723504,167.1361043825609,166.75596666020047,166.30085421321556,-0.8239087409443188
observed_2025H2_TRY,0.18966903965962476,556.0,0.152,4.560178819473324,0.09710964691969864,0.8589882807411234,69.3936679805637,150.24946710604542,164.57990552582973,166.95003134106113,166.56314256625208,166.1084483148861,-0.8181564120552275
observed_2025H2_TRY,0.18966903965962476,556.0,0.16,4.332169878499658,0.09925527145110652,0.8521437889662113,71.22593434112908,151.16910198025604,164.28697901272236,166.20303877692916,165.79505483987379,165.34204131070072,-0.7958800173440752
observed_2025H2_TRY,0.18966903965962476,556.0,0.2,3.465735902799726,0.10890372020003607,0.8187307530779818,79.11931709875962,153.59656821750195,161.88667528802355,162.47517172754218,162.03351194682224,161.5859491333467,-0.6989700043360187
observed_2025H2_TRY,0.18966903965962476,556.0,0.2116,3.2757428192814046,0.11141379110241309,0.8092883481713321,81.0691106237584,153.793084391093,161.0197179655677,161.40899443699746,160.96595841721003,160.51990860180769,-0.6744843366368518
observed_2025H2_TRY,0.18966903965962476,556.0,0.22,3.150669002545206,0.11316163861896002,0.8025187979624785,82.39777923652454,153.82973144154536,160.36617700970388,160.6425337337055,160.19930677401902,159.75434461257083,-0.6575773191777937
observed_2025H2_TRY,0.18966903965962476,556.0,0.2246,3.086140608014004,0.1140952751115096,0.7988356891366967,83.0973710741475,153.81637314590265,160.00122391522245,160.2248779228868,159.78173597426428,159.337366592661,-0.648590248074561
observed_2025H2_TRY,0.18966903965962476,556.0,0.25,2.772588722239781,0.1189739536165745,0.7788007830714049,86.63184740650891,153.38638993213988,157.92688711162953,157.94584238923971,157.50450495193223,157.06337281116447,-0.6020599913279624
observed_2025H2_TRY,0.18966903965962476,556.0,0.3,2.3104906018664844,0.12740174914459398,0.7408182206817179,92.21623612023703,151.31339997883788,153.74236695382146,153.5949421605791,153.15928374244763,152.7243502819743,-0.5228787452803376
asinh_scale_2025,0.4456,1306.2416535909724,0.01,69.31471805599453,0.06270357848928218,0.9900498337491681,39.095821065624264,136.22856133384388,200.40102748880264,280.1196228074462,366.1277529258033,410.7513699374871,-2.0
asinh_scale_2025,0.4456,1306.2416535909724,0.015,46.20981203732969,0.07660493419976086,0.9851119396030626,53.7786939557587,171.26026975858184,244.89600686044724,330.231308455554,410.37806865389996,444.0772931407588,-1.8239087409443189
asinh_scale_2025,0.4456,1306.2416535909724,0.0162,42.786862997527486,0.07956267933504832,0.9839305142725083,56.94301469417428,178.5187220509034,253.82629680270233,339.6627396936789,417.63508051896315,448.7592222707224,-1.790484985457369
asinh_scale_2025,0.4456,1306.2416535909724,0.0167,41.50581919520631,0.08076108592935655,0.9834386719861904,58.2257241316379,181.43727712690972,257.38737204964536,343.36003696051694,420.3766701429385,450.4551598023517,-1.7772835288524167
asinh_scale_2025,0.4456,1306.2416535909724,0.0196,35.36465206938497,0.08736672029080238,0.9805908312024284,65.3267378359618,197.2877855257606,276.40823403857615,362.45917304136634,433.5530235839755,457.9622855820332,-1.7077439286435239
asinh_scale_2025,0.4456,1306.2416535909724,0.02,34.657359027997266,0.0882361823015694,0.9801986733067553,66.26386513570064,199.3444593950947,278.83379865727204,364.8125176683019,435.056326208815,458.74194613855065,-1.6989700043360187
asinh_scale_2025,0.4456,1306.2416535909724,0.03,23.104906018664845,0.10753230649815462,0.9704455335485082,87.08240270095948,242.9366717249146,327.82145589737195,407.7956575421549,457.09251378750974,467.38642914460826,-1.5228787452803376
asinh_scale_2025,0.4456,1306.2416535909724,0.05,13.862943611198904,0.13746061752635697,0.951229424500714,119.10926375990064,301.7651768294666,384.73671505013436,443.9349601818362,464.5291135201405,465.57176084399146,-1.3010299956639813
asinh_scale_2025,0.4456,1306.2416535909724,0.078394,8.841839688750992,0.16974653712433824,0.924600062343942,152.66003716670326,351.5298373965598,421.2275171040966,454.63510666796475,459.49048774125004,458.7721829595479,-1.1057171754100383
asinh_scale_2025,0.4456,1306.2416535909724,0.1,6.931471805599452,0.1897174363534304,0.9048374180359595,172.63304415731324,374.71681809388934,432.69854219931494,453.21985719357957,454.40081847048805,453.5741706107011,-1.0
asinh_scale_2025,0.4456,1306.2416535909724,0.15,4.620981203732969,0.22685450893711442,0.8607079764250578,207.63433002602108,402.43480284420946,437.31643075255835,443.37160407363405,442.7229995195209,441.89508585289434,-0.8239087409443188
asinh_scale_2025,0.4456,1306.2416535909724,0.152,4.560178819473324,0.22814508232378175,0.8589882807411234,208.7915105495238,403.04981820615245,437.1775069138852,442.9299867875547,442.26531332000474,441.4379722586313,-0.8181564120552275
asinh_scale_2025,0.4456,1306.2416535909724,0.16,4.332169878499658,0.23318591710056516,0.8521437889662113,213.26801572558534,405.23727393098835,436.48214983651434,441.15704358467457,440.4421145626727,439.6170889347045,-0.7958800173440752
asinh_scale_2025,0.4456,1306.2416535909724,0.2,3.465735902799726,0.25585355315881964,0.8187307530779818,232.4768494133651,411.01035698222086,430.77909522128414,432.3032650201815,431.5048544690272,430.6914252681692,-0.6989700043360187
asinh_scale_2025,0.4456,1306.2416535909724,0.2116,3.2757428192814046,0.2617506020188044,0.8092883481713321,237.20776889726957,411.47766140959834,428.71895167708027,429.76974262000317,428.96777555123884,428.1576533736401,-0.6744843366368518
asinh_scale_2025,0.4456,1306.2416535909724,0.22,3.150669002545206,0.26585691718110505,0.8025187979624785,240.4297952050368,411.56480690924633,427.1658495896164,427.9482845319627,427.1456557690317,426.33790945871056,-0.6575773191777937
asinh_scale_2025,0.4456,1306.2416535909724,0.2246,3.086140608014004,0.26805036120247344,0.7988356891366967,242.1257306075212,411.5330437798735,426.2985223948904,426.955694240679,426.15315345358346,425.34670148144903,-0.648590248074561
asinh_scale_2025,0.4456,1306.2416535909724,0.25,2.772588722239781,0.27951211134239196,0.7788007830714049,250.6880194935709,410.5105792935441,421.36824771999744,421.53875354143196,420.73987027180544,419.9404800864685,-0.6020599913279624
asinh_scale_2025,0.4456,1306.2416535909724,0.3,2.3104906018664844,0.29931199905218836,0.7408182206817179,264.16935095847396,405.58057686365765,411.4196825021258,411.1941592562702,410.40752891495083,409.6216274398698,-0.5228787452803376
