kappa_per_hour,half_life_hours,call_T24,call_T48,call_T72,marker,log10_kappa
0.01,69.31471805599453,324.05700057520016,433.4032752974011,489.2643594290114,,-2.0
0.013399,51.729705471064875,310.8087405824886,402.6816070465436,443.4442343983892,,-1.8729276128805452
0.01669,41.53068787057791,298.74287280772165,376.33364026458656,406.234149492379,FW9d_R3_S5,-1.7775436633207533
0.016729,41.43386816665343,298.60411041069733,376.0395273162462,405.8298527045936,FW9b_R1_asinh_S5,-1.7765300188380797
0.017954,38.60597724658413,294.294673467605,367.0022648926558,393.5120391897833,,-1.7458387791525738
0.019599,35.36645648042989,288.6588370139437,355.47267746816306,378.11051403644154,FW9b_R1_asinh_S0,-1.7077660870905251
0.024058,28.811713996659876,274.1957289132753,327.30530977881403,341.97375999724704,,-1.6187404794511517
0.032236,21.502236768239687,250.47803886292118,285.3156062644752,291.7381747238049,,-1.4916588528998844
0.043194,16.04716005757374,223.56934171413053,243.38452298520758,245.2777124295068,,-1.364576576052315
0.057878,11.976025968319378,194.5310246175354,203.83655378252672,203.92638563163672,,-1.2374864845324554
0.077553,8.937730880684272,164.99948492780638,168.33623570999688,167.9722040444718,,-1.110401397615102
0.078394,8.841839688750992,163.92607097703396,167.11689160921347,166.74769374399455,yaml,-1.1057171754100383
0.103916,6.670245497701388,136.87944345906746,137.61404081059246,137.2150913786816,,-0.9833175787495152
0.139242,4.978016858368344,111.78434933660705,111.72487988190029,111.36460630228625,,-0.856229747361853
0.186575,3.7151034172189035,90.52860227806887,90.34358936274084,90.02584549135715,,-0.7291465497075671
0.21156,3.276362169407947,82.58920979124208,82.40919269322556,82.1076241950819,FW9c_R2_TRY_S0,-0.6745664416530531
0.224634,3.0856734980454665,79.03618762249626,78.86123559812225,78.56832597487045,FW9c_R2_TRY_S5,-0.64852450945098
0.25,2.772588722239781,73.05557057785768,72.89008712962674,72.61004773853654,,-0.6020599913279624
