iso_variance_target,kappa_per_hour,half_life_hours,sigma_y_shared_regime,phi,stationary_sd_asinh_target,call_T1,call_T6,call_T12,call_T24,call_T48,call_T72
production,0.01,69.31471805599453,0.027960786474365684,0.9900498337491681,0.198702,6.686762945713354,43.40075047490895,70.54275954132261,105.04914988651068,142.65868347015243,162.21609202263673
production,0.015,46.20981203732969,0.03415968051023537,0.9851119396030626,0.198702,11.379155561680646,58.1198118883119,89.76008116678844,126.98230902385262,162.15271164910618,176.92638178649355
production,0.0162,42.786862997527486,0.03547859853957085,0.9839305142725083,0.198702,12.462325376654267,61.207113070355426,93.6390258497334,131.12447482812144,165.35267803329927,178.99474676257097
production,0.0167,41.50581919520631,0.036012992137197046,0.9834386719861904,0.198702,12.907564432483747,62.450415072083,95.18684282854673,132.7488320013002,166.56273176234464,179.74403756630602
production,0.0196,35.36465206938497,0.03895857732321143,0.9805908312024284,0.198702,15.426352459801002,69.22984972875118,103.47621045114894,141.14447824700756,172.38090581188374,183.0612155967546
production,0.02,34.657359027997266,0.03934628791671105,0.9801986733067553,0.198702,15.764247460190585,70.11093866559573,104.53477255380864,142.17954379433453,173.04484772765068,183.40576333311722
production,0.03,23.104906018664845,0.04795081769702944,0.9704455335485082,0.198702,23.589487235256037,88.93212843289525,125.97325390075136,161.11563043251434,182.78045377633808,187.2264177178776
production,0.05,13.862943611198904,0.06129645337460095,0.951229424500714,0.198702,36.364130280858255,114.58059163532859,151.00411369558643,177.07025002553974,186.06727094361838,186.42430187279783
production,0.078394,8.841839688750992,0.0756933941195697,0.924600062343942,0.198702,50.280224349381456,136.41341519935335,167.09281910011651,181.79831539910793,183.84022219312502,183.41911029979
production,0.1,6.931471805599452,0.08459881965507031,0.9048374180359595,0.198702,58.719334894083865,146.6161785474373,172.15846682035593,181.17287308650455,181.59091933228189,181.12213282852997
production,0.15,4.620981203732969,0.10115898706198947,0.8607079764250578,0.198702,73.69204528861195,158.82851414988951,174.19821613323705,176.82134161052494,176.4313007968865,175.96244147146226
production,0.16,4.332169878499658,0.10398228927225427,0.8521437889662113,0.198702,76.11748063535629,160.06401638587272,173.82969241707,175.84299107360823,175.42374180370814,174.9562558215971
production,0.2,3.465735902799726,0.11409024398510721,0.8187307530779818,0.198702,84.41848708345341,162.60961913301261,171.31076073522615,171.93221547539804,171.47647289035396,171.01449936229136
production,0.2116,3.2757428192814046,0.11671985664798132,0.8092883481713321,0.198702,86.46548036150581,162.8157151488992,170.40094577463822,170.81333929090826,170.3561387748825,169.89573904418248
production,0.22,3.150669002545206,0.11855094514748638,0.8025187979624785,0.198702,87.86294995433974,162.85415985518165,169.71509384099,170.00898719378503,169.55157634759297,169.09230790661294
production,0.2246,3.086140608014004,0.11952904594177262,0.7988356891366967,0.198702,88.59896277273182,162.84015980344975,169.3320960445207,169.57068135374143,169.11335425918298,168.6547023543239
production,0.25,2.772588722239781,0.12464007079882398,0.7788007830714049,0.198702,92.31709486082904,162.38929852124716,167.15517359753423,167.17893317319448,166.72346956488536,166.26837253874814
production,0.3,2.3104906018664844,0.13346923885921888,0.7408182206817179,0.198702,98.18099701173898,160.21547682091185,162.7647962872101,162.61440468209292,162.16593143460153,161.7181787931489
observed_2025,0.01,69.31471805599453,0.06270343777209528,0.9900498337491681,0.445599,39.095672964042365,136.22817719234405,200.40049516538556,280.11890926119406,366.126844303416,410.75035981703974
observed_2025,0.015,46.20981203732969,0.07660476228563565,0.9851119396030626,0.445599,53.77850728364059,171.25980437850978,244.89537314257373,330.2304812286557,410.3770598293573,444.0762079639073
observed_2025,0.0162,42.786862997527486,0.0795625007832545,0.9839305142725083,0.445599,56.94282042144387,178.51824016843696,253.82564289237263,339.66189119532174,417.63405534919025,448.7581265503959
observed_2025,0.0167,41.50581919520631,0.08076090468814037,0.9834386719861904,0.445599,58.2255267881186,181.4367886124092,257.38671008922194,343.35918012413816,420.3756387983824,450.45406026291624
observed_2025,0.0196,35.36465206938497,0.08736652422545164,0.9805908312024284,0.445599,65.32652222184673,197.28726036982496,276.40752909594704,362.45827313974746,433.5519625643857,457.9611691374836
observed_2025,0.02,34.657359027997266,0.0882359842850023,0.9801986733067553,0.445599,66.2636473013882,199.34392957432166,278.8330882352143,364.8116124609586,435.05526180374216,458.7408279382987
observed_2025,0.03,23.104906018664845,0.10753206517789768,0.9704455335485082,0.445599,87.08213395482734,242.93604254763824,327.8206343301447,407.79465499086535,457.0913997585514,467.3852914781138
observed_2025,0.05,13.862943611198904,0.1374603090420268,0.951229424500714,0.445599,119.10891962399224,301.76441416157394,384.73576467160996,443.9338762393509,464.52798274400396,465.57062726206226
observed_2025,0.078394,8.841839688750992,0.16974615618507183,0.924600062343942,0.445599,152.6596149028558,351.52896247120776,421.2264845296809,454.633998628259,459.48936830899027,458.7710646873959
observed_2025,0.1,6.931471805599452,0.18971701059616752,0.9048374180359595,0.445599,172.63257574262892,374.71589040915023,432.6974837897348,453.2187523394804,454.39971049846486,453.57306404329984
observed_2025,0.15,4.620981203732969,0.2268539998381267,0.8607079764250578,0.445599,207.6337814992883,402.4338127168726,437.3153619415979,443.3705213959353,442.72191784523744,441.89400558725066
observed_2025,0.16,4.332169878499658,0.23318539379285178,0.8521437889662113,0.445599,213.26745442994354,405.23627749102843,436.481082904305,441.15596589430044,440.4410380253094,439.61601379971387
observed_2025,0.2,3.465735902799726,0.2558529789811869,0.8187307530779818,0.445599,232.47624399769748,411.00934753905767,430.7780411336337,432.3022072706895,431.503798061547,430.6903702379217
observed_2025,0.2116,3.2757428192814046,0.26175001460722,0.8092883481713321,0.445599,237.20715277690036,411.476650914169,428.7179022297364,429.76869057710354,428.9667248586469,428.1566040511236
observed_2025,0.22,3.150669002545206,0.26585632055427116,0.8025187979624785,0.445599,240.42917179532765,411.5637962177979,427.16480364062335,427.9472365919409,427.1446091810116,426.3368642356376
observed_2025,0.2246,3.086140608014004,0.2680497596531889,0.7988356891366967,0.445599,242.12510336135767,411.5320331601449,426.29747839956826,426.9546485365413,426.15210910136636,425.345658491406
observed_2025,0.25,2.772588722239781,0.279511484071047,0.7788007830714049,0.445599,250.6873728817691,410.50957097816934,421.36721483085654,421.5377200399607,420.73883811472524,419.93944927616786
observed_2025,0.3,2.3104906018664844,0.29931132734662497,0.7408182206817179,0.445599,264.168673865126,405.5795796573649,411.41867202654396,411.1931490610249,410.40652003771754,409.6206198801915
