label,strike,maturity_h,V_call,residual_sd_T
A_inherited,2000.0,24,927.1080183970727,524.0800240933721
A_inherited,2000.0,48,926.2229930075839,532.1659614184166
A_inherited,2000.0,72,924.6992105232663,532.2570219065854
A_inherited,2500.0,24,479.5254848450442,524.0800240933721
A_inherited,2500.0,48,480.8296527368443,532.1659614184166
A_inherited,2500.0,72,479.89843720838735,532.2570219065854
A_inherited,3000.0,24,163.92607097703396,524.0800240933721
A_inherited,3000.0,48,167.11689160921347,532.1659614184166
A_inherited,3000.0,72,166.74769374399455,532.2570219065854
A_inherited,3500.0,24,36.62993823165559,524.0800240933721
A_inherited,3500.0,48,38.103427434743445,532.1659614184166
A_inherited,3500.0,72,38.00990201772827,532.2570219065854
A_inherited,4000.0,24,5.589494577050924,524.0800240933721
A_inherited,4000.0,48,5.953641045811738,532.1659614184166
A_inherited,4000.0,72,5.937262550549682,532.2570219065854
B_inh_kappa_inh_trans_fw9_sigma,2000.0,24,1117.257088608424,1369.4697928136673
B_inh_kappa_inh_trans_fw9_sigma,2000.0,48,1122.3084856844148,1390.6047637021436
B_inh_kappa_inh_trans_fw9_sigma,2000.0,72,1120.7465655867027,1390.8428425433071
B_inh_kappa_inh_trans_fw9_sigma,2500.0,24,765.6356686488939,1369.4697928136673
B_inh_kappa_inh_trans_fw9_sigma,2500.0,48,773.2826026732387,1390.6047637021436
B_inh_kappa_inh_trans_fw9_sigma,2500.0,72,772.2065106190933,1390.8428425433071
B_inh_kappa_inh_trans_fw9_sigma,3000.0,24,488.372277752479,1369.4697928136673
B_inh_kappa_inh_trans_fw9_sigma,3000.0,48,497.22136921666714,1390.6047637021436
B_inh_kappa_inh_trans_fw9_sigma,3000.0,72,496.5448872160297,1390.8428425433071
B_inh_kappa_inh_trans_fw9_sigma,3500.0,24,292.4864373724271,1369.4697928136673
B_inh_kappa_inh_trans_fw9_sigma,3500.0,48,300.1675302772957,1390.6047637021436
B_inh_kappa_inh_trans_fw9_sigma,3500.0,72,299.76710633427854,1390.8428425433071
B_inh_kappa_inh_trans_fw9_sigma,4000.0,24,165.44805420957553,1369.4697928136673
B_inh_kappa_inh_trans_fw9_sigma,4000.0,48,171.10253080778176,1390.6047637021436
B_inh_kappa_inh_trans_fw9_sigma,4000.0,72,170.87381399988817,1390.8428425433071
C_inh_sigma_inh_trans_fw9_kappa,2000.0,24,980.5601372084116,862.2792897719213
C_inh_sigma_inh_trans_fw9_kappa,2000.0,48,1026.1099627481726,1054.2203986628147
C_inh_sigma_inh_trans_fw9_kappa,2000.0,72,1045.481583964979,1129.5964165133773
C_inh_sigma_inh_trans_fw9_kappa,2500.0,24,588.2416445548547,862.2792897719213
C_inh_sigma_inh_trans_fw9_kappa,2500.0,48,657.4461706619852,1054.2203986628147
C_inh_sigma_inh_trans_fw9_kappa,2500.0,72,684.630563118315,1129.5964165133773
C_inh_sigma_inh_trans_fw9_kappa,3000.0,24,298.65723576999085,862.2792897719213
C_inh_sigma_inh_trans_fw9_kappa,3000.0,48,376.1521253126629,1054.2203986628147
C_inh_sigma_inh_trans_fw9_kappa,3000.0,72,405.9844028281184,1129.5964165133773
C_inh_sigma_inh_trans_fw9_kappa,3500.0,24,126.40844993868603,862.2792897719213
C_inh_sigma_inh_trans_fw9_kappa,3500.0,48,189.53127884867135,1054.2203986628147
C_inh_sigma_inh_trans_fw9_kappa,3500.0,72,215.35723180027162,1129.5964165133773
C_inh_sigma_inh_trans_fw9_kappa,4000.0,24,44.7123634959459,862.2792897719213
C_inh_sigma_inh_trans_fw9_kappa,4000.0,48,83.5303762483449,1054.2203986628147
C_inh_sigma_inh_trans_fw9_kappa,4000.0,72,101.41696023484258,1129.5964165133773
D_inh_sigma_inh_kappa_fw9_trans,2000.0,24,926.9218367689909,529.4024714890613
D_inh_sigma_inh_kappa_fw9_trans,2000.0,48,926.0352741137561,537.062463566492
D_inh_sigma_inh_kappa_fw9_trans,2000.0,72,924.5119253008769,537.1413083333275
D_inh_sigma_inh_kappa_fw9_trans,2500.0,24,481.0984865097388,529.4024714890613
D_inh_sigma_inh_kappa_fw9_trans,2500.0,48,482.35182373876324,537.062463566492
D_inh_sigma_inh_kappa_fw9_trans,2500.0,72,481.41992076174085,537.1413083333275
D_inh_sigma_inh_kappa_fw9_trans,3000.0,24,168.02868241937793,529.4024714890613
D_inh_sigma_inh_kappa_fw9_trans,3000.0,48,170.87751462797337,537.062463566492
D_inh_sigma_inh_kappa_fw9_trans,3000.0,72,170.49372867827302,537.1413083333275
D_inh_sigma_inh_kappa_fw9_trans,3500.0,24,37.20866223045124,529.4024714890613
D_inh_sigma_inh_kappa_fw9_trans,3500.0,48,38.67148541087939,537.062463566492
D_inh_sigma_inh_kappa_fw9_trans,3500.0,72,38.57366836287559,537.1413083333275
D_inh_sigma_inh_kappa_fw9_trans,4000.0,24,5.376497300792797,529.4024714890613
D_inh_sigma_inh_kappa_fw9_trans,4000.0,48,5.7346439824142665,537.062463566492
D_inh_sigma_inh_kappa_fw9_trans,4000.0,72,5.718392415735264,537.1413083333275
E_fw9_consistent,2000.0,24,1431.6386407901434,2277.724743786041
E_fw9_consistent,2000.0,48,1616.8724181031996,2774.641106581195
E_fw9_consistent,2000.0,72,1689.5180426987622,2970.2349103826746
E_fw9_consistent,2500.0,24,1122.5507404838893,2277.724743786041
E_fw9_consistent,2500.0,48,1319.2806570658001,2774.641106581195
E_fw9_consistent,2500.0,72,1395.5428789300554,2970.2349103826746
E_fw9_consistent,3000.0,24,857.7200045399111,2277.724743786041
E_fw9_consistent,3000.0,48,1057.6767124843534,2774.641106581195
E_fw9_consistent,3000.0,72,1135.1143558212132,2970.2349103826746
E_fw9_consistent,3500.0,24,637.9751936829026,2277.724743786041
E_fw9_consistent,3500.0,48,832.4683734491384,2774.641106581195
E_fw9_consistent,3500.0,72,908.5190667135923,2970.2349103826746
E_fw9_consistent,4000.0,24,461.6599631282779,2277.724743786041
E_fw9_consistent,4000.0,48,642.8431060721491,2774.641106581195
E_fw9_consistent,4000.0,72,715.1284731375762,2970.2349103826746
