strike,maturity_h,F_T,model_call,model_put,B1_black76_call_hist,B1_black76_put_hist,B2_bachelier_call_hist,B2_bachelier_put_hist,B3_lucia_schwartz_call,B3_lucia_schwartz_put,B1_black76_call_hourly,B2_bachelier_call_hourly,B1_vs_model_call_pct,B2_vs_model_call_pct,B3_vs_model_call_pct,iv_black76_from_model_per_h,iv_bachelier_from_model_per_h,iv_black76_annual,iv_bachelier_annual_TRY_MWh,parity_err_B1,parity_err_B2,parity_err_B3
2000.0,24.0,2917.2391,927.108,10.8735,918.2731138751643,2.0386568195804213,917.2794095590532,1.044952503469515,927.6438428994655,11.409385843881743,1834.603236668229,1404.24439002654,-0.9529511259568071,-1.0601343576958409,0.05779724686504619,0.04631003434630624,112.28511004774185,4.3343817209524955,10509.310463616413,1.1368683772161603e-13,-1.1368683772161603e-13,0.0
2200.0,24.0,2917.2391,739.4005,22.947,725.5728036882767,9.119288604221104,720.9556509627635,4.502135878708039,742.1796678520476,25.726152767992048,1775.04827470347,1275.2266039602218,-1.8701226617676387,-2.4945681044625356,0.3758677269014067,0.043362627557851884,110.01132793700287,4.05851956087386,10296.496118791772,1.1368683772161603e-13,-1.1368683772161603e-13,0.0
2400.0,24.0,2917.2391,562.2245,45.5519,545.6253178368729,28.952744724345727,532.2173535255314,15.544780413004103,569.26990793506,52.59733482253273,1719.6306227759353,1153.118876482799,-2.9524117435521084,-5.33721786839041,1.2531307218130807,0.04069650436372648,107.6760767496987,3.808984102704925,10077.928583635297,-1.1368683772161603e-13,0.0,0.0
2600.0,24.0,2917.2391,402.0241,85.1324,387.79024090976856,70.89860976876956,360.4803692621531,43.58873812115402,414.93402161410387,98.04239047310485,1667.8769335901977,1038.1020578569103,-3.540548710943304,-10.333641873172999,3.2112307730068657,0.038339736869248346,105.4930112101793,3.588402751540028,9873.60484465088,-5.684341886080802e-14,0.0,0.0
2800.0,24.0,2917.2391,266.7791,149.6684,259.5959239385116,142.48523476904083,218.07590211185777,100.96521294238701,284.80210919042435,167.69142002095356,1619.3900787593495,930.3010722675125,-2.6925557742298545,-18.256002021201155,6.75578004064948,0.03640429403767212,103.91370793192938,3.4072552281242596,9725.790157019735,-1.4210854715202004e-14,-1.4210854715202004e-14,1.4210854715202004e-14
3000.0,24.0,2917.2391,163.9261,246.5963,163.6843521740046,246.35460497606232,114.63472646907762,197.30497927113512,182.45152895856535,265.1217817606228,1573.8334464121585,829.7818313772714,-0.14747366404458448,-30.06926507183565,11.301085646864873,0.035118561814735015,103.76769507754702,3.2869172857365596,9712.124102653928,-2.4158453015843406e-13,-2.842170943040401e-14,1.4210854715202004e-14
3200.0,24.0,2917.2391,94.247,376.6982,97.47092200063038,379.92211677421614,51.04462731802882,333.49582209161457,108.18784546649775,390.63904024008343,1530.9191339563586,736.5495913458153,3.420715779420439,-45.83952028390418,14.791818802187601,0.03444728427456209,105.16126347776455,3.2240891505196063,9842.554958213888,-5.684341886080802e-14,-5.684341886080802e-14,0.0
3400.0,24.0,2917.2391,50.9548,533.1869,55.05032389367504,537.2824606387893,18.838339185450124,501.07047593056416,58.93561443766785,541.1677511827818,1490.3989189844103,650.5488213811392,8.037562493965325,-63.02931385178604,15.662537067494824,0.034069882079327006,107.27946629081282,3.188766240494497,10040.807878639089,-2.8421709430404007e-13,-5.684341886080802e-14,0.0
3600.0,24.0,2917.2391,25.9379,707.951,29.639181793356258,711.6522605099989,5.661223826265884,687.6743025429081,29.301475463411006,711.3145541800532,1452.0572511872706,571.6645892868254,14.269782030759078,-78.17393148147737,12.967801801267669,0.03379903672319579,109.60890583404417,3.163416504149211,10258.831473714466,-4.547473508864641e-13,0.0,0.0
3800.0,24.0,2917.2391,12.4222,894.2162,15.29302324089369,897.0870439290641,1.3662049469371056,883.1602256351076,13.220904522537142,895.0149252107076,1415.7057404438335,499.7254065470397,23.110425213679463,-89.00190830177338,6.429654348965091,0.03354930625637359,111.9017727721482,3.1400430131587984,10473.432060506886,1.1368683772161603e-13,0.0,0.0
4000.0,24.0,2917.2391,5.5895,1087.1644,7.601172639729431,1089.176135299428,0.26193447546391946,1081.8368971351626,5.387864551759802,1086.9628272114587,1381.1787699679765,434.50741589620276,35.99020734823206,-95.3138120500238,-3.607396873426931,0.03328736689178755,114.05553857655234,3.115526831949138,10675.013494543686,0.0,0.0,-2.2737367544323206e-13
2000.0,48.0,2916.6982,926.223,11.5318,929.8168437647646,15.12564504210324,924.6871816269967,9.995982904335449,926.7677266168524,12.07652789419126,2219.4001694121703,1740.8074684585292,0.38801063726172236,-0.16581518414067462,0.0588116055045569,0.033131296660381546,80.31945085675052,3.1009194586716236,7517.488694287905,2.2737367544323206e-13,1.1368683772161603e-13,0.0
2200.0,48.0,2916.6982,739.2302,24.1011,752.2993321406365,37.1702572931312,738.4216977242077,23.292622876702264,741.9823751341655,26.85330028666005,2182.9188286222247,1620.2249174091692,1.7679380713391442,-0.10937083952905428,0.3723028542618463,0.031053161453790168,78.77067345477438,2.9064166607302537,7372.531072128743,-1.1368683772161603e-13,0.0,0.0
2400.0,48.0,2916.6982,562.9866,47.4196,592.0321270770149,76.46517610466522,564.4953755157394,48.92842454338962,569.8383315936306,54.27138062128089,2148.664376393646,1504.658175793195,5.159186218111583,0.26799492487733173,1.2170328021360879,0.029183308280308858,77.2030809271097,2.731407992945734,7225.8124506956,0.0,1.1368683772161603e-13,1.1368683772161603e-13
2600.0,48.0,2916.6982,403.8967,87.8919,453.22632296642445,137.22149586923044,409.20204075781453,93.19721366062052,416.2309986791675,100.22617158197357,2116.372753930924,1394.1724449250746,12.213425602740612,1.313539020698738,3.053825069421832,0.027543342485821642,75.77564371609452,2.5779156048931284,7092.211648135948,5.684341886080802e-14,5.684341886080802e-14,-5.684341886080802e-14
2800.0,48.0,2916.6982,269.6805,153.2378,337.91294455547444,221.47024133343618,278.52513292071484,162.08242969867655,286.63172408204963,170.18902086001137,2085.8262621367107,1288.812259984072,25.301215533000885,3.279670914550679,6.285669183366849,0.026203279979017873,74.78500770276018,2.452492626559982,6999.493197611713,-2.842170943040401e-14,0.0,-2.842170943040401e-14
3000.0,48.0,2916.6982,167.1169,250.2363,245.82188468558056,328.941305338698,176.3005762584441,259.4199969115615,184.4967648981645,267.61618555128194,2056.8429879548926,1188.6009349469525,47.095766308243256,5.495360587974113,10.399824852043407,0.025284332279759025,74.6994172257644,2.3664838345907615,6991.482367902457,-1.4210854715202004e-14,1.4210854715202004e-14,-1.4210854715202004e-14
3200.0,48.0,2916.6982,96.8619,379.5434,174.87759908098437,457.5591436092577,102.84765206461059,385.52919659288375,110.11224141723004,392.79378594550315,2029.269143450534,1093.540270722657,80.54322605790755,6.179676492625665,13.679621623393752,0.02475744347532311,75.57008853028047,2.317169744563452,7072.97273690179,-2.2737367544323206e-13,-5.684341886080802e-14,0.0
3400.0,48.0,2916.6982,52.7859,535.0295,121.94948407902892,604.1931524824578,54.84920877744832,537.0928771808772,60.49396890645322,542.7376373098821,2002.9733913147813,1003.6105325701876,131.02662657836453,3.908825609581953,14.602514888356968,0.024440610033280418,76.9491910753385,2.2875157592196507,7202.049662604726,0.0,0.0,0.0
3600.0,48.0,2916.6982,27.0963,708.9021,83.55733367950897,765.3631259580937,26.552987216380878,708.3587794949655,30.398336511247297,712.2041287898319,1977.8425604705196,918.7706972709855,208.37174698947447,-2.0051179814923876,12.186300385097958,0.02421118061005028,78.50650170723141,2.2660423417986872,7347.8059513227445,-3.410605131648481e-13,-1.1368683772161603e-13,-1.1368683772161603e-13
3800.0,48.0,2916.6982,13.0974,894.4653,56.37994035279897,937.747856506539,11.598516729652514,892.9664328833928,13.895264409746193,895.2631805634863,1953.7783565320349,838.9589649033736,330.4666601981994,-11.444128379277458,6.091777068320377,0.024007144355712617,80.06517712086156,2.246945594761113,7493.689976612298,1.1368683772161603e-13,-1.1368683772161603e-13,1.1368683772161603e-13
4000.0,48.0,2916.6982,5.9536,1086.8837,37.54082489994301,1118.470864928839,4.548107044670348,1085.478147073566,5.750980537514532,1086.6810205664103,1930.6947984065205,764.0935245930777,530.5567203027247,-23.60744684442441,-3.403309971873623,0.023801397284184105,81.54370067276199,2.227688724008137,7632.072198690397,0.0,2.2737367544323206e-13,2.2737367544323206e-13
2000.0,72.0,2916.1573,924.6992,11.5489,947.8537724762192,34.703550625485384,938.2836288675127,25.133407016779085,925.245931325178,12.09570947444453,2442.0522342477984,2004.9029918145304,2.504011301861101,1.4690646285313815,0.059125316122045926,0.027055679098320917,65.58396187695034,2.5322728127294574,6138.322494458966,2.2737367544323206e-13,0.0,-1.1368683772161603e-13
2200.0,72.0,2916.1573,737.9389,24.1321,782.5311984726474,68.7245220700007,760.8365504067222,47.02987400407557,740.6929440601839,26.886267657537402,2417.9912089126897,1888.2101376548617,6.042817159069317,3.102919551567503,0.37320760027475186,0.025359068945590476,64.32052731486417,2.3734788032371323,6020.0714987768015,1.1368683772161603e-13,0.0,0.0
2400.0,72.0,2916.1573,561.9341,47.4709,634.7531454970741,120.29001454251487,596.7904067075738,82.32727575301439,568.7831973113504,54.32006635679101,2395.305769300027,1775.6456018307688,12.95864506124013,6.202917158359641,1.2188435105380542,0.02383271497209376,63.04225785197519,2.2306198989885533,5900.432032457993,-2.2737367544323206e-13,-1.1368683772161603e-13,-1.1368683772161603e-13
2600.0,72.0,2916.1573,403.0869,87.9672,506.43983172238,191.320246215908,450.4151412182406,135.29555571176817,415.4056667033794,100.286081196907,2373.830895885109,1667.245060619873,25.640359863438874,11.741448610272519,3.0561069346037706,0.022494330517929737,61.87920284155622,2.1053539777768533,5791.576048030845,-3.410605131648481e-13,5.684341886080802e-14,5.684341886080802e-14
2800.0,72.0,2916.1573,269.1083,153.3322,398.00391818869474,282.2278781303095,325.3403506249556,209.5643105665703,286.0213505517089,170.24531049332361,2353.431307141743,1563.0327843257048,47.89730312617439,20.895695385447276,6.284849092989299,0.021401234551358297,61.07406285393067,2.003045801079678,5716.219074225222,-1.4210854715202004e-14,1.4210854715202004e-14,1.4210854715202004e-14
3000.0,72.0,2916.1573,166.7477,250.3152,308.5779191062747,392.1454244959765,223.73644943183152,307.3039548215333,184.07458231945273,267.64208770915457,2333.9944847138304,1463.02143501617,85.05677685885604,34.17663298014396,10.391077249912724,0.02065145697726536,61.00648000384407,1.9328704652631168,5709.89366604533,0.0,2.842170943040401e-14,-2.842170943040401e-14
3200.0,72.0,2916.1573,96.6394,379.5504,236.402912314368,519.313963152157,145.77428811618287,428.6853389539718,109.84185445684496,392.7529052946338,2315.42567198634,1367.2119606902002,144.62373764154992,50.843535986546776,13.66156501059088,0.020220966788218293,61.71717699253755,1.8925787912707863,5776.411259487251,-1.7053025658242404e-13,-5.684341886080802e-14,0.0
3400.0,72.0,2916.1573,52.6593,534.9138,179.2338306829869,661.4884269688629,89.58115229368327,571.8357485795592,60.33503329384858,542.5896295797245,2297.6442027276235,1275.5935873455257,240.36500804793624,70.1145900034434,14.576215965363344,0.01996167550936995,62.84192107548903,1.8683104573058755,5881.681537575119,-5.684341886080802e-14,0.0,5.684341886080802e-14
3600.0,72.0,2916.1573,27.0282,708.6263,134.6763226411652,816.2744643751279,51.71148834132776,733.3096300752908,30.313230320779784,711.9113720547427,2280.5807509352826,1188.1439090580955,398.2807683869633,91.32420339248549,12.154084699609244,0.019773728309984598,64.11196423813502,1.8507195633016031,6000.551064378494,4.547473508864641e-13,0.0,1.1368683772161603e-13
3800.0,72.0,2916.1573,13.0628,894.0044,100.42409227425874,981.3657794563088,27.940712002869354,908.8823991849196,13.854004943847132,894.7956921258972,2264.175233947396,1104.8290748190716,668.7792224810818,113.89527515440301,6.056932233878897,0.01960657324758751,65.38319157959565,1.8350747066901678,6119.531424246041,1.1368683772161603e-13,-1.1368683772161603e-13,1.1368683772161603e-13
4000.0,72.0,2916.1573,5.9373,1086.2225,74.40027166006415,1154.6855042902012,14.086673732598918,1094.3719063627361,5.7329617494794025,1086.0181943796167,2248.3751884944913,1025.6040695351846,1153.099416570902,137.25723363479895,-3.441602252212236,0.019438242890197143,66.58962749444153,1.8193198484946802,6232.447638855277,2.2737367544323206e-13,0.0,0.0
2000.0,168.0,2913.9938,918.5653,11.5561,1029.722588568823,122.71342322448675,1007.2642385203358,100.25507317599924,919.119788971029,12.110623626692464,2778.620224133094,2770.0695548015283,12.10118524712648,9.656247467690735,0.0603646764175676,0.017703603033976414,42.897355763553755,1.6569664537851276,4014.9725070021227,-2.2737367544323206e-13,0.0,0.0
2200.0,168.0,2913.9938,732.6864,24.1488,892.9658862860626,184.42834412874,850.6617379910176,142.12419583369535,735.4519570178372,26.91441486051492,2772.9237935217584,2659.7191319626004,21.87559183384086,16.101750761446855,0.37745439492765004,0.01659299928660514,42.07007816482265,1.5530196385910389,3937.5435663263406,3.410605131648481e-13,0.0,0.0
2400.0,168.0,2913.9938,557.5695,47.5035,770.8298981143593,260.7639791440512,706.2400770293887,196.1741580590806,564.4273777090966,54.36145873878858,2767.5198020895846,2552.087662514901,38.24821804534849,26.66404403924331,1.2299592623155804,0.015594084531919539,41.233719056224736,1.459526340332573,3859.264642900147,5.684341886080802e-14,5.684341886080802e-14,0.0
2600.0,168.0,2913.9938,399.6105,88.0162,662.8883978178343,351.2941020345404,575.5405647263975,263.9462689431038,411.9202420425029,100.32594625920906,2762.372705487317,2447.185159081784,65.88362863784467,44.02538590112059,3.0804350842890456,0.014718396405870473,40.47329651991592,1.3775664225657454,3788.0929932112244,1.1368683772161603e-13,-5.684341886080802e-14,5.684341886080802e-14
2800.0,168.0,2913.9938,266.5076,153.3849,568.3201572105363,455.1974846142566,459.711080957122,346.5884083608425,283.36381598643993,170.2411433901604,2757.453549202294,2345.0183936167173,113.24726094510486,72.4945483570157,6.324853770188882,0.014004311638645779,39.95011423839495,1.310731750427002,3739.1258147204235,1.8474111129762605e-13,1.4210854715202004e-14,1.4210854715202004e-14
3000.0,168.0,2913.9938,164.9494,250.2983,486.06161578322013,571.4105663739549,359.3821184550431,444.7310690457779,182.16477216553173,267.5137227562665,2752.7383772279895,2245.5908731346003,194.67316388129942,117.87415926038113,10.436759494446013,0.013515478717764299,39.91137113347625,1.2649794959366636,3735.4996587880655,-4.263256414560601e-14,-4.263256414560601e-14,-1.4210854715202004e-14
3200.0,168.0,2913.9938,95.4904,379.311,414.9291565301749,698.7497303079241,274.595826516249,558.416400293998,108.56206223061302,392.382636008362,2748.2071033674406,2148.9028271279003,334.5244721251298,187.56380381300008,13.688980495016283,0.013235381767491328,40.3814716372765,1.2387638578250817,3779.498655105909,-1.7053025658242404e-13,5.684341886080802e-14,5.684341886080802e-14
3400.0,168.0,2913.9938,51.9725,534.2647,353.7093944669458,836.001591431709,204.8011978504227,687.093394815186,59.543155280125966,541.8353522448891,2743.842690575197,2054.951206742809,580.5702909556898,294.05685285568853,14.56665598177107,0.01306645255295044,41.12001361367206,1.2229529496714517,3848.6223965980244,5.684341886080802e-14,-5.684341886080802e-14,1.1368683772161603e-13
3600.0,168.0,2913.9938,26.6427,707.4065,301.2211019602911,981.9849221120688,148.9163029940435,829.680123145821,29.864668934729508,710.628489086507,2739.6305413631685,1963.7296957203644,1030.5952548363757,458.93848218853,12.093252315754434,0.012943718776907748,41.952146750385616,1.2114656976550786,3926.505790728087,-2.2737367544323206e-13,0.0,0.0
3800.0,168.0,2913.9938,12.8587,892.0942,256.35429785868104,1135.5897411974731,105.44600467517074,984.6814480139625,13.623065056930917,892.8585083957227,2735.558036456644,1875.2287330371105,1893.6253109465267,720.0362764134068,5.944341628087727,0.01283417658059917,42.78371446559962,1.2012131098508383,4004.336264305469,-2.2737367544323206e-13,0.0,1.1368683772161603e-13
4000.0,168.0,2913.9938,5.8361,1083.5432,218.09214197839268,1295.7992085041985,72.63408496929445,1150.3411514951006,5.625532166128483,1083.3325986919344,2731.61417986431,1789.4355471101037,3636.950051890692,1144.5654627113047,-3.608023061145575,0.012723880499489078,43.572913327129385,1.190889962295358,4078.2012304601303,2.2737367544323206e-13,0.0,2.2737367544323206e-13
2000.0,336.0,2910.2076,907.9175,11.5681,1153.863515009738,257.51416225788984,1120.4304517937785,224.0810990419299,908.4855675078878,12.136214756039204,2853.9422822751485,3679.076048108044,27.089026812429317,23.406636813783024,0.06256818575341966,0.01250767023032027,30.286349398582725,1.1706537899021443,2834.646984840081,-4.547473508864641e-13,1.1368683772161603e-13,1.1368683772161603e-13
2200.0,336.0,2910.2076,723.5712,24.1768,1040.822597529418,341.42817083001046,979.7651935514282,280.37076685202044,726.3572227874045,26.962796087996757,2853.3483239444963,3572.822574989606,43.84522180117425,35.40688097473037,0.38503782176577467,0.011722421451076341,29.701046734343073,1.0971585311920495,2779.8656571016036,-1.1368683772161603e-13,0.0,0.0
2400.0,336.0,2910.2076,549.9981,47.5586,938.8128606331712,436.37335998620426,848.7968541027928,346.357353455826,556.8719927445946,54.432492097627815,2852.7831142103637,3468.484464495481,70.69383705746823,54.32723387640663,1.2498029983366536,0.011016462370631265,29.110168673703264,1.031084381664548,2724.5625008526313,1.1368683772161603e-13,0.0,0.0
2600.0,336.0,2910.2076,393.5857,88.1012,846.982750948107,541.4981763535812,728.1188683814063,422.6342937868803,405.87818091608966,100.3936063215637,2852.2431418114274,3366.0652186761195,115.19652541952287,84.99627104882273,3.1232031336732224,0.010398009993073465,28.574053187636856,0.9732004107626792,2674.38484074232,-2.2737367544323206e-13,5.684341886080802e-14,0.0
2800.0,336.0,2910.2076,262.0029,153.4733,764.4547150745119,655.9250665324269,618.1504479011716,509.62079935908645,278.7605699151531,170.230921373068,2851.725553187413,3265.5671953576893,191.77337925439446,135.93267398993353,6.395986424254497,0.009894839646201827,28.20861553772635,0.926106246726938,2640.1817508012678,-4.263256414560601e-14,1.4210854715202004e-14,-1.4210854715202004e-14
3000.0,336.0,2910.2076,161.8446,250.2699,690.3659454048199,778.7912229151757,519.1129891079628,607.5382666183186,178.86011529409606,267.2853928044518,2851.227992017961,3166.991603911831,326.56100074072276,220.74779702749598,10.513489664836545,0.00955199791586453,28.188961380275487,0.8940180189782528,2638.342222457179,-5.684341886080802e-14,-5.684341886080802e-14,2.842170943040401e-14
3200.0,336.0,2910.2076,93.505,378.8852,623.8934372040882,909.2736407668848,431.0173586932007,716.3975622559973,106.35045850570901,391.7306620685057,2850.748485851676,3070.3385030845407,567.2300274895334,360.9564822129306,13.737723657247226,0.009355777922829291,28.526469815767964,0.8756528339140962,2669.931281159368,0.0,5.684341886080802e-14,-5.684341886080802e-14
3400.0,336.0,2910.2076,50.7866,533.1217,564.2681437451954,1046.6032733604331,353.66326507355313,835.9983946887907,58.176909290317376,540.5120389055548,2850.2853639556142,2975.6068008906896,1011.05713661713,596.3712181432762,14.551691371970904,0.009237298736394665,29.051311121481408,0.864563789666032,2719.0537358065358,-2.2737367544323206e-13,0.0,5.684341886080802e-14
3600.0,336.0,2910.2076,25.9776,705.2676,510.7817658915846,1190.0718215592628,286.6507762357394,965.9408319034178,29.09223568629737,708.3822913539757,2849.8371964757707,2882.7942565744743,1866.239244162604,1003.4536532849046,11.989697609853769,0.009150871799191308,29.64049345527119,0.8564746715710025,2774.198180718619,2.2737367544323206e-13,0.0,1.1368683772161603e-13
3800.0,336.0,2910.2076,12.5079,888.7529,462.78870778506445,1339.0336895051835,229.4028871198206,1105.6478688399397,13.226266541980406,889.4712482620996,2849.4027485159068,2791.8974846299548,3599.9712804312835,1734.0639685304534,5.743302568619888,0.009073409528445452,30.228135764236917,0.8492246002824871,2829.19848720495,2.2737367544323206e-13,2.2737367544323206e-13,1.1368683772161603e-13
4000.0,336.0,2910.2076,5.662,1078.862,419.70497076923255,1492.9048785417924,181.19702798457865,1254.3969357571389,5.441416551547085,1078.6413243241075,2848.980944892454,2702.9119608696383,7312.662853571752,3100.2300951002944,-3.895857443534356,0.008995174941722901,30.78501953171869,0.8419022441792565,2881.3199519488144,2.2737367544323206e-13,0.0,-2.2737367544323206e-13
2000.0,720.0,2901.5112,883.9527,11.5983,1355.4399163326484,483.0855245193679,1318.626268455045,446.2718766417642,884.551087915012,12.196696101731407,2807.5759942439627,5068.020261968626,53.33851192859622,49.173849285719115,0.06769456273078032,0.008527732763941583,20.616623082124097,0.7981520535439699,1929.610191318148,-2.2737367544323206e-13,0.0,-1.1368683772161603e-13
2200.0,720.0,2901.5112,703.0682,24.2454,1268.4258080357972,589.6029867261956,1193.0357048581877,514.2128835485859,705.9000418334755,27.077220523873667,2807.5713601600883,4966.086146224297,80.41291129876122,69.68989706236005,0.40278337627493843,0.007991378841404261,20.216204206629236,0.7479520770027656,1892.133038058215,-2.2737367544323206e-13,0.0,0.0
2400.0,720.0,2901.5112,532.9795,47.6883,1188.7613222725352,703.4700714666122,1074.4096893763256,589.1184385704029,539.8924769608732,54.601226154950254,2807.5669415914376,4865.44041017681,123.04072150477364,101.5855561754862,1.2970436875851983,0.007509464906151319,19.812722634111147,0.7028474040843089,1854.3692320634768,0.0,-2.2737367544323206e-13,0.0
2600.0,720.0,2901.5112,380.0654,88.3057,1115.6969143465972,823.9372340443533,962.9414871552547,671.1818068530106,392.3171064521582,100.55742614991416,2807.562712147611,4766.084136997178,193.55392896764536,153.36204957232485,3.2235784820607725,0.007088339146320075,19.449432909529133,0.66343219264255,1820.367176917868,-1.7053025658242404e-13,5.684341886080802e-14,5.684341886080802e-14
2800.0,720.0,2901.5112,251.9195,153.6914,1048.5656638217745,950.3375540232093,858.7630791069591,760.5349693083939,268.4473558729537,170.21924607438856,2807.5586504082053,4668.018050213271,316.23044814783077,240.88789438965986,6.5607687665915995,0.006747509013258724,19.20722863029675,0.6315322400827273,1797.6980984889713,-2.842170943040401e-14,8.526512829121202e-14,0.0
3000.0,720.0,2901.5112,154.9073,250.2108,986.7756919173946,1082.0791526225082,761.9416184404834,857.2450791455971,171.4739441404232,266.7774048455369,2807.5547387037905,4571.242513103613,537.0104520041307,391.86940734263874,10.69455354294034,0.00651744334478735,19.20512070928516,0.6099992733700699,1797.500807892434,1.2789769243681803e-13,1.4210854715202004e-14,1.4210854715202004e-14
3200.0,720.0,2901.5112,89.0894,377.9244,929.8021994949796,1218.6372307037725,672.4776110901339,961.3126422989266,101.4223540391308,390.2573852479234,2807.5509622563673,4475.757528392936,943.6732085915718,654.8345943402177,13.8433461659084,0.0063865744871615905,19.444530625114524,0.5977506194370314,1819.9083482372694,-2.8421709430404007e-13,-5.684341886080802e-14,-5.684341886080802e-14
3400.0,720.0,2901.5112,48.1569,530.5235,877.1797980242633,1359.546399736735,590.3049019646155,1072.671503677087,55.14382775381536,537.5104294662868,2807.5473085576346,4381.562738249901,1721.5038717697012,1125.7950614857175,14.508674258134054,0.006307082855986249,19.806920404166696,0.590310610419578,1853.8261730965166,-3.410605131648481e-13,0.0,0.0
3600.0,720.0,2901.5112,24.5056,700.4038,828.4954407261387,1504.3936129422893,515.2924676381184,1191.1906398542687,27.384981796603224,703.2831540127537,2807.5437669092667,4288.657424586974,3280.8412800590013,2002.7539323179942,11.749893071800825,0.0062484331438577845,20.21007244526076,0.584821298140348,1891.5591366399174,-3.410605131648481e-13,0.0,-1.1368683772161603e-13
3800.0,720.0,2901.5112,11.7336,881.1633,783.3820666695719,1652.8118093894013,447.24793476262676,1316.6776774824561,12.353714406590896,881.7834571264202,2807.5403280763985,4197.040509662077,6576.399968207302,3711.6855420555225,5.284945852857581,0.006195437255405125,20.610686020011354,0.5798611547624114,1929.0545127517016,-1.1368683772161603e-13,-1.1368683772161603e-13,0.0
4000.0,720.0,2901.5112,5.2798,1068.2411,741.5129693701136,1804.4742825936216,385.92266721220665,1448.8839804357149,5.038880497823103,1068.0001937213312,2807.536984022005,4106.710556981117,13944.33822057869,7209.418296378776,-4.563042201918565,0.006141730143286824,20.989676920150444,0.5748344444967717,1964.526117408398,0.0,0.0,0.0
