month,day_type,hour,shape
1,0,0,0.9751278296179526
1,0,1,0.9156689325624237
1,0,2,0.8333140982601558
1,0,3,0.8013316411963851
1,0,4,0.7920846923178556
1,0,5,0.8390544991294296
1,0,6,0.960211238902939
1,0,7,1.0426495049971305
1,0,8,1.1723821311613614
1,0,9,1.2057794241101478
1,0,10,1.175205457636663
1,0,11,1.0866495679922088
1,0,12,0.9458077753861082
1,0,13,0.9517315165397978
1,0,14,1.0042666178670039
1,0,15,1.0802196190125437
1,0,16,1.1429097390451008
1,0,17,1.1649643637046563
1,0,18,1.1679579563043387
1,0,19,1.1078608892654596
1,0,20,1.0592978125881667
1,0,21,1.0712195709998529
1,0,22,0.9669244796968367
1,0,23,0.9300881089711363
1,1,0,0.9859592180788102
1,1,1,0.935188812251216
1,1,2,0.9119353649497812
1,1,3,0.8639544502498001
1,1,4,0.8580492927143022
1,1,5,0.8757644469092909
1,1,6,0.9841208633944067
1,1,7,1.0800495783193313
1,1,8,1.198199827256057
1,1,9,1.1554797463791129
1,1,10,1.047884085794346
1,1,11,1.0263043175528253
1,1,12,0.8758167179719424
1,1,13,0.8725109755189415
1,1,14,0.9090158684697915
1,1,15,0.9300458377541228
1,1,16,1.0113885187482459
1,1,17,1.1576813454236288
1,1,18,1.183794816764912
1,1,19,1.13734210144851
1,1,20,1.079859051018548
1,1,21,1.1077273988045815
1,1,22,0.9587451203439376
1,1,23,0.8987701158947786
1,2,0,0.9741706267382628
1,2,1,0.9045223758487839
1,2,2,0.8393749977621681
1,2,3,0.8426882003598507
1,2,4,0.8277126489040387
1,2,5,0.8541513616754617
1,2,6,1.0309182834061414
1,2,7,1.1119931931659304
1,2,8,1.0182027458580643
1,2,9,0.881227106046506
1,2,10,0.8112895283435909
1,2,11,0.742571905756904
1,2,12,0.6759951771493948
1,2,13,0.7984019105670428
1,2,14,0.8032820813916628
1,2,15,0.8343008230667829
1,2,16,1.0727792005480035
1,2,17,1.1515842323759429
1,2,18,1.1599599204999471
1,2,19,1.12668892102243
1,2,20,1.0582449872782462
1,2,21,1.0681135607337242
1,2,22,0.8786860469951889
1,2,23,0.8381809299789525
2,0,0,1.0204935390210146
2,0,1,0.9578914383406525
2,0,2,0.8746997134528562
2,0,3,0.8244262214374286
2,0,4,0.8275556344865137
2,0,5,0.9005447397179562
2,0,6,0.98303195306307
2,0,7,1.0253859630015492
2,0,8,1.201889556915387
2,0,9,1.1895242742099252
2,0,10,1.1197486051772794
2,0,11,1.0469282030078637
2,0,12,0.8911008299073975
2,0,13,0.8668611122660413
2,0,14,0.9370779244054545
2,0,15,0.9976699219977478
2,0,16,1.090411760651248
2,0,17,1.186234708349518
2,0,18,1.213816304073917
2,0,19,1.158178997389106
2,0,20,1.1234835821673177
2,0,21,1.1201392097111593
2,0,22,0.9996305996535328
2,0,23,0.9663742259957907
2,1,0,1.0519126518906767
2,1,1,1.0140785897513394
2,1,2,0.9874159558361211
2,1,3,0.9450672397046709
2,1,4,0.9474488444481126
2,1,5,0.9847652473207344
2,1,6,1.0540209498682414
2,1,7,1.0414075028435537
2,1,8,1.0787496354040598
2,1,9,1.04302185810067
2,1,10,0.9157284861299086
2,1,11,0.8835002958709739
2,1,12,0.7706445573173967
2,1,13,0.7511904482267358
2,1,14,0.7336125039844525
2,1,15,0.7731521223988401
2,1,16,0.8463041669818399
2,1,17,1.1311397506945302
2,1,18,1.23069115818917
2,1,19,1.2053760061742709
2,1,20,1.1766575385073186
2,1,21,1.1647240114268793
2,1,22,1.016122146093971
2,1,23,0.9731029139184081
2,2,0,1.025250352458562
2,2,1,0.9706905323178048
2,2,2,0.8975111254230747
2,2,3,0.8908059699881375
2,2,4,0.8850326989161075
2,2,5,0.9283427583911324
2,2,6,1.082385678758182
2,2,7,1.1058017074045505
2,2,8,0.9185762933171792
2,2,9,0.8120454266915875
2,2,10,0.7036381538353478
2,2,11,0.6174172327581507
2,2,12,0.560819461170611
2,2,13,0.6557900724202945
2,2,14,0.6628494152253995
2,2,15,0.6435675729909125
2,2,16,0.8850273900106523
2,2,17,1.0899637222455705
2,2,18,1.1721554773893086
2,2,19,1.1628150267851467
2,2,20,1.113876574362066
2,2,21,1.0945575421771747
2,2,22,0.9028907016453805
2,2,23,0.8828594402361637
3,0,0,1.1351864097445212
3,0,1,1.0602955247778492
3,0,2,0.9624746251002272
3,0,3,0.8975991461478517
3,0,4,0.9250752216964122
3,0,5,1.00586520549392
3,0,6,1.0404021084353412
3,0,7,1.005087150411699
3,0,8,1.2727714961527323
3,0,9,1.1925051956066057
3,0,10,1.0231672913900862
3,0,11,0.983573823861087
3,0,12,0.723838641034561
3,0,13,0.7378737255173944
3,0,14,0.8960284210487308
3,0,15,0.926443935581249
3,0,16,1.0809558130898782
3,0,17,1.2563754245043246
3,0,18,1.3064641888552904
3,0,19,1.2954570702673682
3,0,20,1.2881914772931702
3,0,21,1.265981662439854
3,0,22,1.1173322693012764
3,0,23,1.0702566135058174
3,1,0,1.1703035826977732
3,1,1,1.1278776946337319
3,1,2,1.0726860067480952
3,1,3,1.0249355003168967
3,1,4,1.0451372631341578
3,1,5,1.098243681254296
3,1,6,1.1049794915646132
3,1,7,0.9153089434889078
3,1,8,0.959340900923868
3,1,9,0.9124438174090681
3,1,10,0.7550496431374446
3,1,11,0.7000530738390219
3,1,12,0.5675893226785393
3,1,13,0.6028532872597696
3,1,14,0.5927844159114409
3,1,15,0.6202210440448536
3,1,16,0.7419548657177946
3,1,17,1.1128633114216049
3,1,18,1.2931445031185829
3,1,19,1.3257501295188412
3,1,20,1.331236316433673
3,1,21,1.2928273344301962
3,1,22,1.1457245345393603
3,1,23,1.0840138053253536
3,2,0,1.1325399828163625
3,2,1,1.0759992660527906
3,2,2,0.9803538891782733
3,2,3,0.9601660209573001
3,2,4,0.9775010140633882
3,2,5,1.0225900219766202
3,2,6,1.106690619380332
3,2,7,0.8914335284532501
3,2,8,0.6321925600139942
3,2,9,0.5257075888001487
3,2,10,0.38590109708043097
3,2,11,0.30327532819259595
3,2,12,0.25177979474758677
3,2,13,0.30404653767536693
3,2,14,0.3447441326412628
3,2,15,0.32890119967985154
3,2,16,0.5778161650159033
3,2,17,0.9630445440346388
3,2,18,1.2067079492943888
3,2,19,1.2891034447927072
3,2,20,1.2833152706228765
3,2,21,1.2403593301046592
3,2,22,1.0101001934922373
3,2,23,0.9706992816407621
4,0,0,1.2138962388571914
4,0,1,1.1349474803121795
4,0,2,1.0300469467228368
4,0,3,0.9732215628855483
4,0,4,1.0209443779247673
4,0,5,1.0648775385993845
4,0,6,1.0312877608918734
4,0,7,0.9031513401729725
4,0,8,1.2773548206351977
4,0,9,1.168677943580473
4,0,10,0.9188379004928012
4,0,11,0.913257711272716
4,0,12,0.5592526197964485
4,0,13,0.64366985096226
4,0,14,0.8869016403028409
4,0,15,0.8828831755325252
4,0,16,1.0719207001768414
4,0,17,1.2706944552560624
4,0,18,1.3240679707975498
4,0,19,1.3818897701566848
4,0,20,1.4010541779917816
4,0,21,1.3744969685095536
4,0,22,1.217614451528227
4,0,23,1.1487772978435
4,1,0,1.247656351215071
4,1,1,1.194505881387533
4,1,2,1.1038821158800294
4,1,3,1.04659639641535
4,1,4,1.0859532840082542
4,1,5,1.1306162265919597
4,1,6,1.0519879369919205
4,1,7,0.6950391366850386
4,1,8,0.8487583483828689
4,1,9,0.7828416021462702
4,1,10,0.6080850723532173
4,1,11,0.5373740055356496
4,1,12,0.36913894069938313
4,1,13,0.48825431217764625
4,1,14,0.522487313988688
4,1,15,0.49913786406116556
4,1,16,0.6765159215853186
4,1,17,1.0347149815353591
4,1,18,1.2761825371100652
4,1,19,1.3872632712299788
4,1,20,1.419168982185109
4,1,21,1.3826501162211995
4,1,22,1.2478689256843352
4,1,23,1.1554158230337745
4,2,0,1.1720569327298254
4,2,1,1.101469949810859
4,2,2,0.991391546717745
4,2,3,0.9633032254055328
4,2,4,0.9989543219722016
4,2,5,1.0177295629084393
4,2,6,1.0129810903303507
4,2,7,0.5625881746997045
4,2,8,0.3334138460300223
4,2,9,0.23644184048750194
4,2,10,0.12004967061924594
4,2,11,0.07083833720357513
4,2,12,0.026837415067556335
4,2,13,0.0493444337088083
4,2,14,0.11030398612005185
4,2,15,0.12470525207339742
4,2,16,0.3193064847663475
4,2,17,0.7823531532730297
4,2,18,1.160038582069354
4,2,19,1.349685591750668
4,2,20,1.381882466123619
4,2,21,1.3491839318036605
4,2,22,1.0973273367495815
4,2,23,1.0164928448454407
5,0,0,1.3391098142684519
5,0,1,1.2661021668670194
5,0,2,1.165181525804954
5,0,3,1.1302123099686354
5,0,4,1.1810288590056492
5,0,5,1.1649635369492872
5,0,6,1.0559641343226285
5,0,7,0.8488830353005423
5,0,8,1.3304660878097538
5,0,9,1.2459439695108387
5,0,10,0.9751508311783209
5,0,11,0.9854064481643257
5,0,12,0.5952254259487942
5,0,13,0.7377651207413312
5,0,14,1.0156938494398153
5,0,15,0.9899491466874936
5,0,16,1.1701062907778805
5,0,17,1.3392632136306097
5,0,18,1.380373537557811
5,0,19,1.4942569623675566
5,0,20,1.5253409381730632
5,0,21,1.5103689593474885
5,0,22,1.3662788297685795
5,0,23,1.2777389988589611
5,1,0,1.3689496549016813
5,1,1,1.307383113490245
5,1,2,1.1919070092173303
5,1,3,1.128246381617799
5,1,4,1.1744261864930463
5,1,5,1.1879888668564873
5,1,6,1.0331537194882778
5,1,7,0.5880623076503616
5,1,8,0.9043948449047567
5,1,9,0.8183843452188376
5,1,10,0.6354669819274891
5,1,11,0.563560306024268
5,1,12,0.36742683657881564
5,1,13,0.5535859379334577
5,1,14,0.6225405015341332
5,1,15,0.536164590024508
5,1,16,0.7470855846380289
5,1,17,1.0350968500500577
5,1,18,1.3081771490467762
5,1,19,1.4838177033357676
5,1,20,1.5220857603972788
5,1,21,1.5104016937626317
5,1,22,1.3859594502986852
5,1,23,1.2733494612976246
5,2,0,1.254524340057744
5,2,1,1.166991875450923
5,2,2,1.051989323553366
5,2,3,1.022412342772497
5,2,4,1.0603222144798734
5,2,5,1.0382211951061615
5,2,6,0.9651106980414816
5,2,7,0.398090098561473
5,2,8,0.23198825691887848
5,2,9,0.16967717370480265
5,2,10,0.10626089648630356
5,2,11,0.09711199789431055
5,2,12,0.05960072097023961
5,2,13,0.09454527428955961
5,2,14,0.14394487099937578
5,2,15,0.16580395357821687
5,2,16,0.28156198100607016
5,2,17,0.7241897252770284
5,2,18,1.1615493258923737
5,2,19,1.428587434726622
5,2,20,1.478174591210584
5,2,21,1.479028127194422
5,2,22,1.2464994036884949
5,2,23,1.133555557598289
6,0,0,1.1939376461426197
6,0,1,1.1510083654352192
6,0,2,1.0874508344695644
6,0,3,1.0789661427471564
6,0,4,1.0996430189590471
6,0,5,1.0412669828385623
6,0,6,0.9013667102569328
6,0,7,0.6993755311236097
6,0,8,1.1353358811537086
6,0,9,1.1149148860823141
6,0,10,0.9424328330135741
6,0,11,0.9492301485082361
6,0,12,0.6709420039256034
6,0,13,0.8139868759319309
6,0,14,1.0041128326966011
6,0,15,0.9801956207162494
6,0,16,1.0798260329782863
6,0,17,1.1581758834472615
6,0,18,1.1730176148330949
6,0,19,1.2785127550682738
6,0,20,1.2994034875617324
6,0,21,1.302985907572067
6,0,22,1.221843569209512
6,0,23,1.1462030483153471
6,1,0,1.208668088693824
6,1,1,1.164377321520968
6,1,2,1.074128755224137
6,1,3,1.0357719112340593
6,1,4,1.053019529030033
6,1,5,1.0273959107687327
6,1,6,0.8750524834629042
6,1,7,0.5449182230910914
6,1,8,0.896055707188187
6,1,9,0.81601385809391
6,1,10,0.6742601792327406
6,1,11,0.6292891020694183
6,1,12,0.47546579242545967
6,1,13,0.6497979705278163
6,1,14,0.687586817989539
6,1,15,0.588206219582433
6,1,16,0.7565382089406671
6,1,17,0.9018628193172676
6,1,18,1.1053297776027833
6,1,19,1.2612800488190172
6,1,20,1.2800582771481577
6,1,21,1.295238026778343
6,1,22,1.2121144395443622
6,1,23,1.1345784561926509
6,2,0,1.1211540717865693
6,2,1,1.0455709716210833
6,2,2,0.9554470764650171
6,2,3,0.9343576391931069
6,2,4,0.9543445050317428
6,2,5,0.913444147837954
6,2,6,0.8385585538430107
6,2,7,0.405917236871568
6,2,8,0.27505383631086855
6,2,9,0.25459546267748123
6,2,10,0.22803992489565736
6,2,11,0.23703271241275373
6,2,12,0.2061584374886429
6,2,13,0.275516198092087
6,2,14,0.29518059445167466
6,2,15,0.29154051556402827
6,2,16,0.3648663612035119
6,2,17,0.6759209801729176
6,2,18,1.0060006097453462
6,2,19,1.228929925400727
6,2,20,1.2669296351160027
6,2,21,1.2878566560209221
6,2,22,1.1489109876076795
6,2,23,1.0589246642853576
7,0,0,1.1593148881222164
7,0,1,1.131799200063663
7,0,2,1.088891802966713
7,0,3,1.0801827737167136
7,0,4,1.0682879088401878
7,0,5,1.0204720407314982
7,0,6,0.9047900920116116
7,0,7,0.742074294583433
7,0,8,1.094918300853568
7,0,9,1.0899817322485026
7,0,10,0.9878296393636365
7,0,11,0.9874180316601123
7,0,12,0.7738159189528134
7,0,13,0.923002469102205
7,0,14,1.044724584624477
7,0,15,1.034729876279474
7,0,16,1.0914774109161312
7,0,17,1.12560602794864
7,0,18,1.128858943524558
7,0,19,1.1954232976513959
7,0,20,1.2037004975871886
7,0,21,1.2086023159546724
7,0,22,1.1671176887571209
7,0,23,1.1086089219703275
7,1,0,1.1738373454317146
7,1,1,1.1428643414045292
7,1,2,1.0772964592314949
7,1,3,1.0654447560898053
7,1,4,1.050104734420381
7,1,5,1.0239117115234233
7,1,6,0.924274049356676
7,1,7,0.690916845711534
7,1,8,0.9547814182045398
7,1,9,0.8801959739650651
7,1,10,0.751863765199327
7,1,11,0.715294830078642
7,1,12,0.5813463483967012
7,1,13,0.7409009814243748
7,1,14,0.7294696542976341
7,1,15,0.6715112954222036
7,1,16,0.827432907175584
7,1,17,0.9425857476129937
7,1,18,1.0901386389328938
7,1,19,1.1980178057873678
7,1,20,1.203975709999392
7,1,21,1.2122594494819634
7,1,22,1.148644725891381
7,1,23,1.1020496262956798
7,2,0,1.1218912046149834
7,2,1,1.059719028337954
7,2,2,0.9843331776819528
7,2,3,0.9706051088014733
7,2,4,0.972686717712049
7,2,5,0.9348847018254194
7,2,6,0.8931634310414986
7,2,7,0.602587804798852
7,2,8,0.4175570810519053
7,2,9,0.40116785772411745
7,2,10,0.36085423108748804
7,2,11,0.36226332454031374
7,2,12,0.3241348907310214
7,2,13,0.44027849715070955
7,2,14,0.45067721302943387
7,2,15,0.422230231767721
7,2,16,0.5491458176271398
7,2,17,0.7956263618773005
7,2,18,1.0180904388470837
7,2,19,1.1703822420270522
7,2,20,1.1937719468305779
7,2,21,1.2103730847177707
7,2,22,1.1446097314428914
7,2,23,1.0885044805692632
8,0,0,1.1414463931166352
8,0,1,1.1082786341279511
8,0,2,1.0601787126634086
8,0,3,1.030006323651294
8,0,4,0.9999225377317623
8,0,5,1.004817313127565
8,0,6,0.9751715522467514
8,0,7,0.8786766225300584
8,0,8,1.1136725209031209
8,0,9,1.0661745131382856
8,0,10,0.9691944888478206
8,0,11,0.9667430120395747
8,0,12,0.7301968581021038
8,0,13,0.9106388367905484
8,0,14,1.0257305771120362
8,0,15,1.0330700592058413
8,0,16,1.1045901733698178
8,0,17,1.1446711822060962
8,0,18,1.1500337325892538
8,0,19,1.1721308050240038
8,0,20,1.1734840073529302
8,0,21,1.1617908315648287
8,0,22,1.1239758036465626
8,0,23,1.0784438894374797
8,1,0,1.1554834348897238
8,1,1,1.1258581322380006
8,1,2,1.0753993898032523
8,1,3,1.0840392804505523
8,1,4,1.0419550781480047
8,1,5,1.051768360072001
8,1,6,1.0474012843885914
8,1,7,0.8764015401833982
8,1,8,0.9682657542706204
8,1,9,0.8956999856288903
8,1,10,0.7627246617904835
8,1,11,0.7137643371873769
8,1,12,0.5570309906592292
8,1,13,0.7247198143488243
8,1,14,0.6900589003535462
8,1,15,0.709925019103024
8,1,16,0.8992085411894385
8,1,17,1.043512245516544
8,1,18,1.1369583232866425
8,1,19,1.1821399130044967
8,1,20,1.1840669487734883
8,1,21,1.1623172412934208
8,1,22,1.1042439243499436
8,1,23,1.0661266121293758
8,2,0,1.1407711654841357
8,2,1,1.0898824641157505
8,2,2,1.0203618688763219
8,2,3,1.0136275577409666
8,2,4,1.0047718989721788
8,2,5,0.9919441874707126
8,2,6,1.0112005071397108
8,2,7,0.8256605440963762
8,2,8,0.5436606453427839
8,2,9,0.47003427528287445
8,2,10,0.37424549750769254
8,2,11,0.3498563496810598
8,2,12,0.2908342094389317
8,2,13,0.4421897267557459
8,2,14,0.4794631483176836
8,2,15,0.4662659561645759
8,2,16,0.7335079913824357
8,2,17,0.9707793283363337
8,2,18,1.096069816569524
8,2,19,1.1608218883747679
8,2,20,1.1705959709764004
8,2,21,1.1602943942334902
8,2,22,1.1225652806889963
8,2,23,1.0947602157836038
9,0,0,1.132994410468632
9,0,1,1.0781722880350826
9,0,2,1.0029335147067728
9,0,3,0.9514087541175239
9,0,4,0.924725827350402
9,0,5,0.9793501180009322
9,0,6,1.0554066468897805
9,0,7,1.023341526021114
9,0,8,1.165267920353038
9,0,9,1.0626027492790933
9,0,10,0.9170218478459752
9,0,11,0.9134021992914083
9,0,12,0.586711012682146
9,0,13,0.8155367689869302
9,0,14,0.983747537483941
9,0,15,1.0060062655212012
9,0,16,1.1286266995630236
9,0,17,1.1921917809695235
9,0,18,1.2023737311721703
9,0,19,1.2025620456814508
9,0,20,1.2021345843721667
9,0,21,1.1726990336076732
9,0,22,1.1067518652682933
9,0,23,1.0600530603103016
9,1,0,1.1477543490776019
9,1,1,1.0997389457832805
9,1,2,1.0421962394398903
9,1,3,1.0466084231946113
9,1,4,1.0023067496245472
9,1,5,1.0556157060014215
9,1,6,1.1350397322559975
9,1,7,0.9741007551372397
9,1,8,0.9589224856624768
9,1,9,0.8798662787723626
9,1,10,0.7316739465566287
9,1,11,0.6592076943696101
9,1,12,0.43336315021873184
9,1,13,0.6375275401866155
9,1,14,0.647886816860876
9,1,15,0.7204093360020378
9,1,16,0.9748954454394985
9,1,17,1.144058225017777
9,1,18,1.2016120912844481
9,1,19,1.2093143738463255
9,1,20,1.2107458827578268
9,1,21,1.1695069418261306
9,1,22,1.0969823880372356
9,1,23,1.0281290739076854
9,2,0,1.1435714154945247
9,2,1,1.087863415867138
9,2,2,1.013364076692941
9,2,3,1.0116945264558679
9,2,4,1.0041420314946707
9,2,5,1.0156537066966036
9,2,6,1.0902049858007743
9,2,7,0.9161283366718596
9,2,8,0.5989669064247273
9,2,9,0.4338565290632497
9,2,10,0.2932367108868045
9,2,11,0.248400834191888
9,2,12,0.16592617030024076
9,2,13,0.32313036669014944
9,2,14,0.4046354575973364
9,2,15,0.4562764436301079
9,2,16,0.8504401131114858
9,2,17,1.097780047716044
9,2,18,1.1815761172242376
9,2,19,1.1960101941603591
9,2,20,1.1954948285602431
9,2,21,1.1647002480772486
9,2,22,1.0850568199797654
9,2,23,1.0513051120687158
10,0,0,1.1258668843685353
10,0,1,1.0500969423679227
10,0,2,0.9462981912600696
10,0,3,0.8907536461232707
10,0,4,0.8769988766796589
10,0,5,0.9464003801664633
10,0,6,1.1020901799117557
10,0,7,1.1212604492805927
10,0,8,1.2219836183279957
10,0,9,1.1086878583700348
10,0,10,0.925091708703682
10,0,11,0.909131056430139
10,0,12,0.5126139713361647
10,0,13,0.7674109759024974
10,0,14,0.9860318213843132
10,0,15,1.0235956578617678
10,0,16,1.1816813309777636
10,0,17,1.2438129581948891
10,0,18,1.2505197543005049
10,0,19,1.2476559725870184
10,0,20,1.241252960403125
10,0,21,1.210231714617457
10,0,22,1.1106856441993729
10,0,23,1.0536038598527682
10,1,0,1.1350771475187678
10,1,1,1.0607974667152082
10,1,2,0.988427686375433
10,1,3,0.966909263172308
10,1,4,0.9395102797486604
10,1,5,1.0073917672230457
10,1,6,1.129260816726657
10,1,7,0.9918678346434667
10,1,8,1.0152400576808058
10,1,9,0.9278945904444333
10,1,10,0.7735834405515873
10,1,11,0.6908413293897457
10,1,12,0.39697629564911124
10,1,13,0.622907049893439
10,1,14,0.7182973721991341
10,1,15,0.7854300869366393
10,1,16,1.0779550010437293
10,1,17,1.2137112013572422
10,1,18,1.2450951646084134
10,1,19,1.2432294597982678
10,1,20,1.232367494692254
10,1,21,1.2086511684156795
10,1,22,1.1070816928399236
10,1,23,0.9929514604059062
10,2,0,1.1190112011422468
10,2,1,1.0445623005402969
10,2,2,0.9633681207742057
10,2,3,0.9660026164313441
10,2,4,0.9630253478006396
10,2,5,0.9817983859360855
10,2,6,1.096008511874944
10,2,7,0.9123525510832449
10,2,8,0.6656749161471998
10,2,9,0.4326391792162094
10,2,10,0.2962638645225513
10,2,11,0.24731978777227873
10,2,12,0.1510596839878222
10,2,13,0.29860393270786556
10,2,14,0.40132208245013884
10,2,15,0.5235834839260889
10,2,16,0.9506192810328761
10,2,17,1.163246142258312
10,2,18,1.2357583848256644
10,2,19,1.239718463961924
10,2,20,1.2234140229158919
10,2,21,1.2002574463580495
10,2,22,1.0458194288902
10,2,23,0.9813387982614499
11,0,0,1.0693489704468058
11,0,1,0.9895148519870611
11,0,2,0.8782605182255294
11,0,3,0.8375905733408573
11,0,4,0.8315477859765646
11,0,5,0.8820926926545829
11,0,6,1.0628343513507605
11,0,7,1.1216668147135718
11,0,8,1.2188404108898017
11,0,9,1.160863245052286
11,0,10,1.0074663721833708
11,0,11,0.9630592270687391
11,0,12,0.6044326341270452
11,0,13,0.8145648357276718
11,0,14,1.0135533744209242
11,0,15,1.0691737908658194
11,0,16,1.208259111208328
11,0,17,1.233641351577812
11,0,18,1.2289242027951208
11,0,19,1.2193674920152264
11,0,20,1.1967512481310048
11,0,21,1.1842561620105632
11,0,22,1.071531860834945
11,0,23,1.0101503374818663
11,1,0,1.0696281641507284
11,1,1,0.9845676463521358
11,1,2,0.9154753826881058
11,1,3,0.8686307480394535
11,1,4,0.8581563887909615
11,1,5,0.9059325206891834
11,1,6,1.0355651205848075
11,1,7,0.9893579025085837
11,1,8,1.1186933703641462
11,1,9,1.0362969135073543
11,1,10,0.8987503791916189
11,1,11,0.8329313110875068
11,1,12,0.5368233811774307
11,1,13,0.7179474008171796
11,1,14,0.8612630234292344
11,1,15,0.8908182536293081
11,1,16,1.1424744226259362
11,1,17,1.2137828200529912
11,1,18,1.2197984268532938
11,1,19,1.2093182308950061
11,1,20,1.1726487120541347
11,1,21,1.1896987088219826
11,1,22,1.0613782019732523
11,1,23,0.9323593399328804
11,2,0,1.0506072904963213
11,2,1,0.9636323730499241
11,2,2,0.8850728888541137
11,2,3,0.8912318144175974
11,2,4,0.8866090087478866
11,2,5,0.9016183782597501
11,2,6,1.0439553887786708
11,2,7,0.92102797501216
11,2,8,0.7855192695452118
11,2,9,0.5497045033352087
11,2,10,0.45205421710706417
11,2,11,0.4056324895374238
11,2,12,0.31210901883028896
11,2,13,0.44999970193772515
11,2,14,0.5318059671505682
11,2,15,0.6720838393409909
11,2,16,1.039809861131533
11,2,17,1.170753939359057
11,2,18,1.2186091091628393
11,2,19,1.2170484118688385
11,2,20,1.1779953914160486
11,2,21,1.1788761537485484
11,2,22,0.9799135666617266
11,2,23,0.8981847227144589
12,0,0,0.9956859589609661
12,0,1,0.9268871675450017
12,0,2,0.8297543679197219
12,0,3,0.8029024389466126
12,0,4,0.7945180033078851
12,0,5,0.828584771991877
12,0,6,0.988107611652051
12,0,7,1.0717750167638365
12,0,8,1.179186940160192
12,0,9,1.192260298177682
12,0,10,1.1161844512091585
12,0,11,1.0409506425144397
12,0,12,0.8041220049093536
12,0,13,0.9108175956540596
12,0,14,1.0286197427528532
12,0,15,1.1002245254673564
12,0,16,1.1880564762973236
12,0,17,1.1840054207392487
12,0,18,1.1740308968782927
12,0,19,1.1403908619942176
12,0,20,1.0988436098709133
12,0,21,1.1072112957549607
12,0,22,1.0011953986932847
12,0,23,0.949533858012258
12,1,0,0.9986676576908088
12,1,1,0.9248743739192645
12,1,2,0.8777978280490217
12,1,3,0.8236362993394205
12,1,4,0.8179271596497667
12,1,5,0.8405931010273242
12,1,6,0.9639728954706689
12,1,7,1.0221555562319247
12,1,8,1.1958361795417694
12,1,9,1.1312314464264306
12,1,10,1.016458572315014
12,1,11,0.9779450133793334
12,1,12,0.7428967720308319
12,1,13,0.8334454632032399
12,1,14,0.9495568469597153
12,1,15,0.9585306440956446
12,1,16,1.1225903794901262
12,1,17,1.1805008209914396
12,1,18,1.1768961768701187
12,1,19,1.1474714759534423
12,1,20,1.0900779644856853
12,1,21,1.1310165768718923
12,1,22,0.9889265835913779
12,1,23,0.8853741887864318
12,2,0,0.9781265287047747
12,2,1,0.8945361980858587
12,2,2,0.8257028083194321
12,2,3,0.8328942494050157
12,2,4,0.8208152494654909
12,2,5,0.8359478982571317
12,2,6,1.00345214490076
12,2,7,1.0109569215677137
12,2,8,0.9465749195683146
12,2,9,0.761171724038904
12,2,10,0.6982895127934964
12,2,11,0.6459606157127916
12,2,12,0.566874714722342
12,2,13,0.6983415394476593
12,2,14,0.732071290190202
12,2,15,0.8265283667981855
12,2,16,1.1027646423963229
12,2,17,1.1606078462955693
12,2,18,1.170291486486544
12,2,19,1.1497034843858795
12,2,20,1.0868485277163091
12,2,21,1.1053639455970663
12,2,22,0.9033080441659376
12,2,23,0.8348535666097247
