parameter,inherited_yaml,fw9_estimate,fw9_se,t_stat_vs_inherited,fw9_95pct_low,fw9_95pct_high,inherited_in_fw9_95pct
mu_normal,0.0,-0.0006055658598663079,5.4316265774615186e-05,-11.148886088360667,-0.0007120257407845536,-0.0004991059789480622,False
mu_stress,0.0,0.00040992862590416655,0.0012204083343245792,0.3358946463857417,-0.001982071709372009,0.002801928961180342,True
sigma_normal,0.003534807,0.007047480390973872,6.239831452601089e-05,56.29436335992065,0.006925179694502891,0.0071697810874448535,False
sigma_stress,0.0924066544,0.2415092915416039,0.0008821703869869464,169.01795768826932,0.23978023758310948,0.2432383455000983,False
phi,0.9246,0.9999997677627229,1.0563783098029217e-06,71375.72502486306,0.9999976972612357,1.0000018382642102,False
alpha01,-1.0156656066,-0.6781946118726565,0.018641918637571815,18.10280375578876,-0.7147327724022973,-0.6416564513430157,False
gamma01,-0.5837780825,-0.44337241485196194,0.015891828344927673,8.835085844156659,-0.4745203984080202,-0.4122244312959037,False
alpha10,-1.8952294098,-1.651001460221227,0.017040419217995147,14.3322735464666,-1.6844006818884976,-1.6176022385539566,False
gamma10,0.0776983936,0.17614785069723143,0.01534251934321074,6.416772558334533,0.14607651278453837,0.2062191886099245,False
