strike,maturity_h,FW9_reestimated,inherited_yaml,delta_TRY,delta_pct
2000.0,24,1605.0927246608921,927.1079995471376,677.9847251137545,73.12899095304195
2000.0,48,2060.199280793755,926.222971191213,1133.976309602542,122.43016475224513
2000.0,72,2410.5546063883685,924.6991885994969,1485.8554177888716,160.68527323347973
2500.0,24,1306.0838425283264,479.52542602546004,826.5584165028663,172.37009168706328
2500.0,48,1776.7607913062516,480.8295853577612,1295.9312059484905,269.51985597646893
2500.0,72,2133.875195153557,479.8983695058937,1653.9768256476632,344.6514784683699
3000.0,24,1043.868965445235,163.92598546416434,879.9429799810707,536.7928565379489
3000.0,48,1518.7512717741738,167.11679464174455,1351.6344771324293,808.7963151938058
3000.0,72,1877.8009900590494,166.74759638355212,1711.0533936754973,1026.1337679133553
3500.0,24,818.9369350577035,36.629895094264086,782.3070399634395,2135.7064713132136
3500.0,48,1286.3751528008086,38.10337821315661,1248.2717745876519,3276.013395989754
3500.0,72,1642.4174433892008,38.00985264630575,1604.407590742895,4221.030809228434
4000.0,24,630.3234624248826,5.589483107250503,624.733979317632,11176.954421907933
4000.0,48,1079.2743797517755,5.953627746287979,1073.3207520054875,18028.012461388622
4000.0,72,1427.588223233772,5.937249221151242,1421.6509740126207,23944.606686679737
