# FW11 figure source table -- style: DejaVu Serif, 9.5 pt, width 5.5 in, top and right spines off.
# One row per valuation date.  L: 12-month mean PTF TRY/MWh.  sd_pooled/sd_12m_only: observed A3 residual sd, TRY.  sd_prod: production stationary sd at L.
# ratio: observed / production.  norm_sd: observed sd / L.
# share_pct_lt_50: percent of hours below 50 TRY.  sd_ex_lt_50: sd excluding those hours.
date_label,L_TRY_MWh,sd_pooled_TRY,sd_12m_only_TRY,sd_prod_TRY,ratio_pooled,ratio_12m_only,norm_sd_pooled,norm_sd_12m_only,norm_sd_prod,share_pct_lt_50,sd_ex_lt_50_pooled,ratio_ex_lt_50_pooled,kappa_pooled
2022-12-31,2510.5377319940644,690.7352273086909,633.6294241430675,502.07755374607615,1.3757540486624258,1.2620150401376502,0.27513437400522767,0.25238793110661184,0.19998805329537392,0.7419244378495605,675.5322392462571,1.3454738898522935,0.2549996111335324
2023-06-30,2796.467846136286,718.5262631141309,630.5444383555557,558.5814019045494,1.286341186198163,1.1288317803021009,0.25694064893571944,0.2254788801618948,0.1997453332697203,0.47939732907202376,707.187069913153,1.2660412027717267,0.26348775169565897
2023-12-31,2189.449439561694,453.33551071365855,409.8281758405686,438.72454998731183,1.0333032667690223,0.9341354976657246,0.20705456930049584,0.18718321073566885,0.2003812200729057,0.4451546627097363,439.99294768380605,1.0028911026212937,0.2417506420900655
2024-06-30,2053.2752988047805,472.762320614026,428.25118984807557,411.8991396393572,1.1477623406253246,1.0396991608747608,0.2302478975367905,0.20856978608633836,0.20060590018256455,0.7512805919180421,453.4658850938134,1.1009148635048145,0.17492394031088987
2024-12-31,2235.41893910074,486.58463672280794,434.2789351180013,447.7866789692618,1.0866438408638088,0.9698344223138721,0.21767044566534374,0.19427183313240703,0.2003144337452006,0.7285145133750711,469.22473780828557,1.0478756065016739,0.18845932358507494
2025-06-30,2424.0334790549023,559.9440553861472,495.8726204230789,484.9978274018695,1.1545289973478112,1.0224223540947919,0.2309968324383299,0.20456508736686793,0.2000788485771919,0.798995548453373,537.3781264906963,1.1080011004779708,0.1933748950934027
2025-12-31,2619.739255792718,623.9609659790588,531.0773733963537,523.6491458475518,1.1915630359124283,1.014185504946788,0.23817674396387659,0.20272146253564946,0.19988597899186675,0.9930373245063349,599.6184514007507,1.1450767296301778,0.2012758102411457
2026-09-27,2188.826445611232,817.4336454291858,722.1309017130333,438.60175796594706,1.86372633165016,1.6464386852026693,0.3734574968555429,0.32991693021662916,0.20038215402841913,5.022257733135487,818.658974936446,1.866520049379297,0.19845247531852253
2026-01-01_to_2026-09-27,1963.4470524691355,892.6781301549918,754.1910202684592,394.22130171131863,2.264408661530635,1.9131158488760205,0.45464843527733695,0.384115792335742,0.20078020500505225,6.651234567901234,901.5331037749571,2.2868705974572983,0.18591014341512127
