label,valuation_utc,window_start_utc,L_mean_TRY_MWh,sd_prod_TRY,norm_sd_prod_over_L,share_pct_lt_50_TRY,n_hours_pooled,sd_pooled,kappa_per_hour_pooled,half_life_hours_pooled,q05_pooled,q95_pooled,ratio_over_sd_prod_pooled,normalized_sd_over_L_pooled,sd_ex_lt_50_pooled,ratio_ex_lt_50_pooled,n_hours_12m_only,sd_12m_only,kappa_per_hour_12m_only,half_life_hours_12m_only,q05_12m_only,q95_12m_only,ratio_over_sd_prod_12m_only,normalized_sd_over_L_12m_only,sd_ex_lt_50_12m_only,ratio_ex_lt_50_12m_only
2022-12-31,2022-12-31 20:00:00+00:00,2021-12-31 20:00:00+00:00,2510.5377319940644,502.07755374607615,0.19998805329537392,0.7419244378495605,8761,690.7352273086909,0.2549996111335324,2.718228382697312,-1383.8112274274633,979.9666792033173,1.3757540486624258,0.27513437400522767,675.5322392462571,1.3454738898522935,8761,633.6294241430675,0.2602069862180873,2.663830017150261,-1172.2891324589386,879.6915592013736,1.2620150401376502,0.25238793110661184,621.6511385676431,1.238157599218309
2023-06-30,2023-06-30 20:00:00+00:00,2022-06-30 20:00:00+00:00,2796.467846136286,558.5814019045494,0.1997453332697203,0.47939732907202376,8761,718.5262631141309,0.26348775169565897,2.6306618660610974,-1422.208814743869,969.070327951373,1.286341186198163,0.25694064893571944,707.187069913153,1.2660412027717267,8761,630.5444383555557,0.28017574496042974,2.4739728296531918,-1160.0374419212058,852.5510766962287,1.1288317803021009,0.2254788801618948,623.5224819058515,1.1162607272277199
2023-12-31,2023-12-31 20:00:00+00:00,2022-12-31 20:00:00+00:00,2189.449439561694,438.72454998731183,0.2003812200729057,0.4451546627097363,8761,453.33551071365855,0.2417506420900655,2.867198922688733,-827.9845324433626,618.6950939247556,1.0333032667690223,0.20705456930049584,439.99294768380605,1.0028911026212937,8761,409.8281758405686,0.25003927543726245,2.772153212121523,-732.4688573644098,561.7010592907377,0.9341354976657246,0.18718321073566885,401.00799116219565,0.9140313464878886
2024-06-30,2024-06-30 20:00:00+00:00,2023-06-30 20:00:00+00:00,2053.2752988047805,411.8991396393572,0.20060590018256455,0.7512805919180421,8785,472.762320614026,0.17492394031088987,3.9625632679439104,-890.2604207628478,563.9746697778558,1.1477623406253246,0.2302478975367905,453.4658850938134,1.1009148635048145,8785,428.25118984807557,0.18220436264372472,3.8042293307504287,-794.4951094269662,580.0247625590636,1.0396991608747608,0.20856978608633836,415.271623723624,1.0081876453716792
2024-12-31,2024-12-31 20:00:00+00:00,2023-12-31 20:00:00+00:00,2235.41893910074,447.7866789692618,0.2003144337452006,0.7285145133750711,8785,486.58463672280794,0.18845932358507494,3.677967040176935,-943.9844651295205,569.808209001194,1.0866438408638088,0.21767044566534374,469.22473780828557,1.0478756065016739,8785,434.2789351180013,0.19685519395090384,3.521101814224002,-790.4524204955885,593.8263669865256,0.9698344223138721,0.19427183313240703,423.08610234469097,0.9448385184627915
2025-06-30,2025-06-30 20:00:00+00:00,2024-06-30 20:00:00+00:00,2424.0334790549023,484.9978274018695,0.2000788485771919,0.798995548453373,8761,559.9440553861472,0.1933748950934027,3.584473466553897,-1126.7209304635242,730.9733631882134,1.1545289973478112,0.2309968324383299,537.3781264906963,1.1080011004779708,8761,495.8726204230789,0.20368578983972238,3.4030217871623423,-881.9719178310488,709.6607307852314,1.0224223540947919,0.20456508736686793,481.6337951792875,0.9930638200162606
2025-12-31,2025-12-31 20:00:00+00:00,2024-12-31 20:00:00+00:00,2619.739255792718,523.6491458475518,0.19988597899186675,0.9930373245063349,8761,623.9609659790588,0.2012758102411457,3.443767930828327,-1428.2329372285617,739.5224983265032,1.1915630359124283,0.23817674396387659,599.6184514007507,1.1450767296301778,8761,531.0773733963537,0.22730310769300466,3.049439964085793,-1003.3651286716195,730.0711917119618,1.014185504946788,0.20272146253564946,520.1265395817607,0.9932729647441901
2026-09-27,2026-09-27 20:00:00+00:00,2025-09-27 20:00:00+00:00,2188.826445611232,438.60175796594706,0.20038215402841913,5.022257733135487,8761,817.4336454291858,0.19845247531852253,3.4927615765307136,-1283.350274586239,1254.901547917169,1.86372633165016,0.3734574968555429,818.658974936446,1.866520049379297,8761,722.1309017130333,0.2205603659243059,3.1426642663343536,-1129.288065064677,1174.5762452206338,1.6464386852026693,0.32991693021662916,726.2089008706157,1.6557364116333488
2026-01-01_to_2026-09-27,2026-09-27 20:00:00+00:00,2025-12-31 21:00:00+00:00,1963.4470524691355,394.22130171131863,0.20078020500505225,6.651234567901234,6480,892.6781301549918,0.18591014341512127,3.728398934167931,-1301.60676469401,1392.2174853705355,2.264408661530635,0.45464843527733695,901.5331037749571,2.2868705974572983,6480,754.1910202684592,0.21099898748129453,3.285073491745519,-1164.9140498684078,1296.9467355715215,1.9131158488760205,0.384115792335742,764.5136108834126,1.9393006099991335
