valuation_date,contract_name,delivery_month_ts,price_TRY_MWh,realised_mean,n_hours,horizon_months,premium_TRY_MWh,premium_pct_of_forward
2022-12-31,EBM0223,2023-02-01,3974.41,2802.7073065476193,672,2,1171.7026934523806,29.48117314148215
2022-12-31,EBM0323,2023-03-01,3953.85,2126.2193413978493,744,3,1827.6306586021506,46.22407675056339
2022-12-31,EBM0423,2023-04-01,3876.45,1770.8197083333332,720,4,2105.6302916666664,54.31852059659396
2022-12-31,EBM0523,2023-05-01,3452.87,1907.277311827957,744,5,1545.592688172043,44.762550810544354
2022-12-31,EBM0623,2023-06-01,3476.46,1623.916861111111,720,6,1852.543138888889,53.28820521130371
2022-12-31,EBM0723,2023-07-01,3433.33,1977.3994086021505,744,7,1455.9305913978494,42.405786551186445
2023-06-30,EBM0823,2023-08-01,3083.65,2251.0056451612904,744,2,832.6443548387097,27.001908609560413
2023-06-30,EBM0923,2023-09-01,3224.64,2006.8421111111113,720,3,1217.7978888888886,37.76539052076786
2023-06-30,EBM1023,2023-10-01,4066.03,2249.8379704301074,744,4,1816.1920295698928,44.66745276276596
2023-06-30,EBM1123,2023-11-01,3366.79,2066.906972222222,720,5,1299.883027777778,38.60897257559212
2023-06-30,EBM1223,2023-12-01,3639.54,2075.000255376344,744,6,1564.5397446236561,42.98729357621173
2023-06-30,EBM0124,2024-01-01,3431.49,1942.9048655913978,744,7,1488.585134408602,43.38013907686172
2023-12-31,EBM0224,2024-02-01,3020.65,1957.6762356321838,696,2,1062.9737643678163,35.19023271043704
2023-12-31,EBM0324,2024-03-01,2811.78,2190.1102016129034,744,3,621.6697983870968,22.10947507938376
2023-12-31,EBM0424,2024-04-01,3171.6,1764.0365,720,4,1407.5635,44.38023395131795
2023-12-31,EBM0524,2024-05-01,3416.02,2047.3150940860214,744,5,1368.7049059139786,40.06723924081178
2023-12-31,EBM0624,2024-06-01,2908.5,2095.2285833333335,720,6,813.2714166666665,27.961884705747515
2023-12-31,EBM0724,2024-07-01,2372.88,2588.8342876344086,744,7,-215.9542876344085,-9.100935893699154
2024-06-30,EBM0824,2024-08-01,2927.85,2574.1480241935483,744,2,353.7019758064516,12.08060439593735
2024-06-30,EBM0924,2024-09-01,2610.26,2395.7768055555557,720,3,214.4831944444445,8.216928368991768
2024-06-30,EBM1024,2024-10-01,2489.07,2335.7127150537635,744,4,153.35728494623663,6.16122828792427
2024-06-30,EBM1124,2024-11-01,2744.02,2463.135875,720,5,280.88412500000004,10.236227323416012
2024-06-30,EBM1224,2024-12-01,2754.77,2446.216182795699,744,6,308.55381720430114,11.20071066565634
2024-06-30,EBM0125,2025-01-01,2331.48,2508.796370967742,744,7,-177.31637096774193,-7.605313833605346
2024-12-31,EBM0225,2025-02-01,2333.88,2478.279702380952,672,2,-144.39970238095202,-6.187109122189316
2024-12-31,EBM0325,2025-03-01,2534.8,2183.8270967741937,744,3,350.9729032258065,13.846177340453151
2024-12-31,EBM0425,2025-04-01,1963.28,2452.6653333333334,720,4,-489.3853333333334,-24.92692500984747
2024-12-31,EBM0525,2025-05-01,2278.55,2458.150564516129,744,5,-179.600564516129,-7.882230564004696
2024-12-31,EBM0625,2025-06-01,2331.88,2202.225513888889,720,6,129.65448611111105,5.560083971349771
2024-12-31,EBM0725,2025-07-01,2588.83,2965.1591532258067,744,7,-376.32915322580675,-14.536649885307522
2025-06-30,EBM0825,2025-08-01,2602.15,2939.238629032258,744,2,-337.0886290322578,-12.954235114511377
2025-06-30,EBM0925,2025-09-01,2421.84,2729.022402777778,720,3,-307.18240277777795,-12.683843803792898
2025-06-30,EBM1025,2025-10-01,2445.38,2739.5005241935482,744,4,-294.12052419354814,-12.027599971928622
2025-06-30,EBM1125,2025-11-01,2578.8,2784.098125,720,5,-205.2981249999998,-7.960994454785163
2025-06-30,EBM1225,2025-12-01,2561.08,2973.042002688172,744,6,-411.9620026881721,-16.08547966827167
