rd_offset_sigma,z_min,z_max,forward_T_TRY_MWh,residual_sd_TRY_MWh,call_value_TRY_MWh,call_change_vs_base_TRY_MWh,call_change_vs_base_pct
-2.0,-3.1784,-1.0432,2916.16,3755.06,1450.5611,240.41089999999986,19.866203385331826
-1.5,-2.6784,-0.5432,2916.16,3650.87,1408.6216,198.4713999999999,16.40055920331211
-1.0,-2.1784,-0.0432,2916.16,3518.94,1355.4146,145.26440000000002,12.00383225156679
-0.5,-1.6784,0.4568,2916.16,3355.77,1289.4607,79.31050000000005,6.553773242362811
0.0,-1.1784,0.9568,2916.16,3160.04,1210.1502,0.0,0.0
0.5,-0.6784,1.4568,2916.16,2933.39,1118.0234,-92.1268,-7.61284012513488
1.0,-0.1784,1.9568,2916.16,2680.63,1014.8731,-195.27710000000002,-16.13660023359084
1.5,0.3216,2.4568,2916.16,2409.72,903.73,-306.4202,-25.320840338662094
2.0,0.8216,2.9568,2916.16,2131.19,788.6679,-421.4823,-34.82892454176349
